project_id,project_progress,task_completion_rate,blocked_task_ratio,overdue_task_ratio,requirement_completion_rate,milestone_completion_rate,open_issue_count,critical_issue_count,api_test_failure_rate,avg_api_response_time_ms,technical_review_score,days_remaining,development_velocity,risk_level
DP-0001,30.76,40.34,8.4,4.19,38.11,64.09,10,0,7.97,80.0,97.13,16,3.12,MEDIUM
DP-0002,51.6,60.87,9.21,3.89,39.95,43.97,4,0,5.77,201.19,86.43,15,3.81,LOW
DP-0003,63.05,56.98,0.37,6.95,65.09,69.55,3,0,0.0,170.2,97.86,17,4.75,LOW
DP-0004,42.44,28.51,0.0,9.3,52.29,51.82,2,1,0.0,223.42,98.73,22,3.54,LOW
DP-0005,53.14,56.24,8.36,1.8,59.84,52.64,3,2,5.69,233.81,79.98,45,4.53,MEDIUM
DP-0006,45.48,53.1,5.26,0.0,38.04,57.35,4,0,5.03,205.16,83.33,30,4.72,MEDIUM
DP-0007,61.27,68.33,8.03,9.32,59.45,70.81,3,0,1.52,125.36,80.17,14,5.38,LOW
DP-0008,54.59,41.51,3.02,16.88,55.76,27.96,2,0,8.57,369.21,76.08,36,3.56,MEDIUM
DP-0009,65.63,40.37,0.0,0.0,62.7,60.92,5,0,8.34,263.1,90.1,19,3.39,LOW
DP-0010,38.97,42.69,10.87,11.19,44.68,52.14,6,0,10.47,314.2,78.61,25,3.47,HIGH
DP-0011,42.55,34.93,3.03,4.79,46.86,25.84,4,0,6.99,159.87,69.2,27,3.33,MEDIUM
DP-0012,37.67,33.05,15.48,16.12,39.58,29.43,8,1,10.25,303.26,78.16,19,2.64,MEDIUM
DP-0013,49.78,43.03,9.35,6.69,43.05,33.7,4,0,1.42,259.64,86.97,29,2.09,MEDIUM
DP-0014,49.12,42.35,0.0,2.96,90.37,29.67,3,1,7.77,312.38,69.56,12,2.79,MEDIUM
DP-0015,96.81,98.89,0.0,15.88,85.99,82.63,1,0,2.5,281.58,64.69,6,7.67,LOW
DP-0016,72.12,66.89,6.61,7.06,82.09,58.02,3,0,1.6,230.82,87.96,19,5.19,LOW
DP-0017,30.93,12.47,7.93,4.85,32.85,41.09,5,0,8.2,183.21,80.39,38,2.09,MEDIUM
DP-0018,68.73,86.49,0.0,8.12,93.42,49.63,2,0,0.0,157.24,85.64,18,5.85,LOW
DP-0019,72.87,58.99,0.0,0.0,50.43,65.32,4,1,11.91,266.37,100.0,14,3.92,MEDIUM
DP-0020,42.12,36.37,6.6,9.24,55.68,54.68,2,0,9.58,172.06,93.28,53,2.08,MEDIUM
DP-0021,48.56,37.58,1.65,0.0,49.67,48.98,3,0,11.81,139.58,83.26,39,3.04,LOW
DP-0022,75.52,81.09,9.02,9.97,87.95,100.0,1,0,11.31,274.54,83.94,31,5.9,LOW
DP-0023,48.25,71.43,1.74,7.06,56.19,50.92,1,0,10.63,192.76,80.41,72,5.55,LOW
DP-0024,78.11,90.7,1.97,0.0,57.46,82.45,1,0,12.2,248.78,89.08,19,4.58,LOW
DP-0025,70.48,79.11,5.8,5.36,64.09,93.21,2,1,6.38,220.46,88.71,19,5.35,LOW
DP-0026,38.84,27.66,18.48,7.39,19.52,37.6,5,0,15.06,286.81,73.74,21,2.14,MEDIUM
DP-0027,51.88,26.3,5.48,6.16,53.38,51.36,4,1,5.35,249.66,78.62,38,2.15,HIGH
DP-0028,39.01,39.11,15.08,9.88,33.41,43.59,4,1,13.88,243.3,75.32,39,2.37,HIGH
DP-0029,46.45,59.63,0.0,5.08,67.7,35.8,5,0,17.62,220.31,93.89,14,5.34,MEDIUM
DP-0030,55.34,48.31,0.59,9.98,33.87,34.98,2,0,14.34,84.56,87.97,81,3.73,LOW
DP-0031,32.86,32.66,9.17,4.57,35.77,22.19,5,1,18.54,193.01,87.89,34,2.49,HIGH
DP-0032,78.79,85.69,3.84,0.0,53.04,94.23,2,1,9.93,94.48,73.72,25,5.81,LOW
DP-0033,74.28,75.51,8.42,9.11,66.48,75.91,2,1,0.0,154.52,77.98,22,5.14,MEDIUM
DP-0034,64.76,69.41,0.0,9.71,68.62,64.34,2,0,12.31,167.96,79.77,20,6.38,LOW
DP-0035,66.58,94.23,2.54,0.0,90.62,75.34,1,0,11.26,318.04,93.08,31,5.71,LOW
DP-0036,43.02,47.92,4.28,13.1,56.78,40.94,9,1,9.04,223.66,94.09,9,3.7,HIGH
DP-0037,30.39,36.91,11.84,0.08,44.17,17.83,6,2,14.92,247.03,88.33,36,2.54,HIGH
DP-0038,57.58,43.79,0.05,11.92,54.12,38.47,3,0,10.28,265.93,82.63,7,3.47,MEDIUM
DP-0039,65.84,43.07,5.25,10.07,70.04,62.72,4,1,7.8,258.43,78.65,21,2.58,MEDIUM
DP-0040,50.53,55.41,1.49,0.0,41.0,47.86,4,0,0.0,252.62,80.87,46,3.28,LOW
DP-0041,64.12,52.32,5.39,14.74,56.78,63.03,4,0,3.8,305.04,95.39,20,4.98,LOW
DP-0042,49.5,65.39,0.0,9.64,75.13,31.31,8,1,15.76,334.43,84.4,21,5.87,MEDIUM
DP-0043,72.25,72.04,0.0,0.0,87.85,60.39,2,0,5.08,169.01,86.8,16,4.97,LOW
DP-0044,35.95,39.38,0.0,0.56,40.85,42.66,3,0,21.48,266.72,91.92,26,2.48,MEDIUM
DP-0045,89.55,100.0,0.0,5.3,89.68,68.26,1,0,10.19,254.15,91.53,95,5.92,LOW
DP-0046,52.62,57.95,2.52,0.0,43.12,40.81,1,0,5.02,156.98,87.47,39,4.34,LOW
DP-0047,42.65,44.52,0.0,4.01,67.79,52.49,6,0,10.27,139.87,100.0,32,3.75,MEDIUM
DP-0048,54.13,70.31,0.0,0.29,44.58,18.58,2,0,21.32,147.55,84.36,35,5.69,LOW
DP-0049,32.59,17.63,5.66,0.0,30.89,24.79,4,0,7.68,179.2,88.78,17,2.32,MEDIUM
DP-0050,34.78,25.75,0.0,11.06,52.63,17.23,5,0,17.09,238.86,84.9,28,4.0,MEDIUM
DP-0051,49.51,57.51,0.0,4.22,41.47,35.94,5,1,8.06,131.37,88.32,21,5.56,LOW
DP-0052,46.31,53.22,0.0,5.08,24.99,39.09,3,1,9.55,138.51,99.92,17,4.02,MEDIUM
DP-0053,86.21,96.23,9.45,0.0,81.87,100.0,1,0,10.4,216.84,82.95,22,6.83,LOW
DP-0054,88.85,82.99,0.62,0.0,86.66,90.85,3,0,13.6,205.06,81.16,10,5.73,LOW
DP-0055,83.27,76.23,5.27,1.74,85.22,75.1,2,0,13.41,142.24,90.12,17,6.32,LOW
DP-0056,52.96,51.49,1.81,0.0,61.78,50.75,3,0,6.66,267.4,84.66,30,5.81,LOW
DP-0057,67.45,48.14,16.13,5.6,38.62,63.78,3,0,14.95,265.41,89.09,39,4.31,MEDIUM
DP-0058,25.05,22.3,0.81,4.23,40.16,6.41,1,0,10.77,223.45,84.31,14,2.03,MEDIUM
DP-0059,54.52,65.93,4.84,11.31,59.65,52.27,2,1,5.83,133.01,73.28,56,5.14,MEDIUM
DP-0060,35.67,26.36,0.0,12.32,63.97,53.11,2,0,16.41,282.77,88.19,12,3.67,MEDIUM
DP-0061,57.24,72.56,3.2,1.64,58.64,58.95,4,2,6.94,110.98,70.82,53,4.43,MEDIUM
DP-0062,48.02,48.68,0.0,0.0,42.55,52.64,6,0,13.59,211.29,93.29,18,4.13,LOW
DP-0063,32.82,61.85,0.0,7.14,55.72,21.55,4,1,3.31,163.99,80.38,29,3.5,MEDIUM
DP-0064,38.53,46.93,14.26,10.73,38.45,40.66,5,1,10.62,227.3,84.44,22,3.63,HIGH
DP-0065,81.98,94.44,1.06,0.0,100.0,92.83,3,0,7.16,220.32,90.93,36,5.43,LOW
DP-0066,36.23,39.21,9.78,9.79,28.12,48.22,2,0,2.45,155.25,93.13,39,2.98,MEDIUM
DP-0067,75.48,62.95,0.98,5.25,71.63,76.5,5,0,15.29,152.0,88.79,27,4.86,LOW
DP-0068,81.88,100.0,0.0,0.58,85.48,100.0,2,0,1.03,206.34,81.05,27,8.0,LOW
DP-0069,43.53,50.68,5.89,2.41,28.19,57.34,4,0,6.01,212.11,89.97,58,4.69,LOW
DP-0070,29.5,35.53,8.67,5.59,34.46,44.57,3,0,7.04,281.19,79.97,51,3.11,HIGH
DP-0071,33.67,26.89,13.18,5.7,12.99,3.93,7,3,13.29,245.42,70.06,36,2.89,HIGH
DP-0072,62.26,46.64,14.76,4.93,83.71,51.09,5,0,9.86,161.58,83.0,26,1.99,MEDIUM
DP-0073,23.83,17.71,0.0,2.55,36.99,16.78,3,0,11.11,188.73,89.81,29,1.93,MEDIUM
DP-0074,51.81,50.13,6.93,3.03,58.49,46.51,5,0,16.26,254.81,92.58,34,3.71,MEDIUM
DP-0075,77.72,86.09,3.17,3.05,67.48,64.2,3,0,2.97,80.0,96.15,30,6.2,LOW
DP-0076,61.59,56.33,0.0,5.76,49.96,63.68,7,1,5.78,123.27,84.88,3,2.78,MEDIUM
DP-0077,71.65,55.52,0.65,9.05,74.45,67.27,2,0,5.6,307.31,80.78,41,4.64,LOW
DP-0078,34.68,28.71,0.0,14.35,54.44,31.3,2,0,9.04,274.49,80.44,25,2.11,MEDIUM
DP-0079,78.85,78.43,0.0,3.14,86.05,84.43,8,0,0.0,172.57,92.63,45,5.3,LOW
DP-0080,38.6,41.11,9.41,2.68,49.56,60.6,3,1,7.32,99.9,76.82,34,3.64,MEDIUM
DP-0081,65.88,66.79,1.66,0.0,77.28,56.8,1,0,15.74,275.5,90.96,21,3.93,LOW
DP-0082,46.67,42.28,0.0,0.82,39.59,53.14,11,0,5.84,117.27,93.79,11,3.83,HIGH
DP-0083,70.46,73.7,10.89,0.0,83.74,64.59,3,0,0.0,164.13,87.05,28,4.02,LOW
DP-0084,48.8,73.32,9.13,7.59,33.28,54.25,2,0,9.39,345.31,88.56,4,4.64,LOW
DP-0085,74.47,70.53,9.96,11.0,83.74,63.25,3,0,0.21,167.73,76.41,14,4.16,LOW
DP-0086,53.2,26.25,0.0,2.09,57.83,32.67,1,0,11.09,196.57,88.25,36,3.54,LOW
DP-0087,43.42,31.78,0.0,0.0,37.71,42.53,8,0,18.94,217.1,100.0,13,2.02,MEDIUM
DP-0088,59.82,68.41,0.0,0.0,43.54,69.63,5,2,17.32,240.72,69.26,29,5.91,MEDIUM
DP-0089,85.0,89.69,0.0,5.82,69.62,37.88,1,1,8.02,160.32,73.7,25,5.65,MEDIUM
DP-0090,50.84,41.66,4.49,10.72,44.48,74.66,1,0,0.59,296.8,79.61,26,3.27,MEDIUM
DP-0091,69.35,58.0,5.42,8.99,74.58,43.57,2,0,10.93,228.9,76.32,34,4.34,LOW
DP-0092,80.96,84.09,3.45,5.4,68.86,78.57,1,0,2.88,172.27,88.75,11,6.33,LOW
DP-0093,51.28,40.88,8.0,12.72,48.75,42.93,6,1,15.01,299.41,78.87,36,4.43,MEDIUM
DP-0094,45.97,37.38,8.13,13.91,62.86,35.78,3,1,5.9,178.13,83.6,30,3.23,MEDIUM
DP-0095,37.52,35.54,0.46,5.72,50.25,45.91,6,1,19.16,171.77,78.74,21,3.81,MEDIUM
DP-0096,70.41,65.38,6.51,16.59,79.99,71.77,4,0,8.36,187.75,83.9,50,5.54,LOW
DP-0097,84.92,90.24,0.9,8.7,83.87,70.2,0,0,0.0,196.25,83.26,20,5.55,LOW
DP-0098,73.01,74.56,5.47,0.0,87.09,56.27,1,0,11.77,133.09,84.77,29,4.93,LOW
DP-0099,46.89,50.3,7.7,5.51,39.44,28.94,2,0,14.74,228.86,100.0,16,4.84,MEDIUM
DP-0100,84.86,90.31,5.91,0.0,100.0,71.22,3,0,8.01,89.11,86.86,37,5.68,LOW
DP-0101,91.66,71.75,4.81,1.43,86.56,85.08,2,0,4.04,113.58,83.72,25,4.12,LOW
DP-0102,87.73,91.79,4.77,0.0,87.7,95.96,3,1,13.69,248.34,81.54,40,5.88,LOW
DP-0103,59.76,47.53,1.72,5.68,58.2,55.0,7,1,0.37,170.25,83.61,20,4.75,MEDIUM
DP-0104,97.64,100.0,0.0,0.0,100.0,100.0,5,0,2.28,187.23,95.54,31,7.85,LOW
DP-0105,47.36,64.47,1.75,10.73,44.38,39.46,4,2,11.85,257.52,88.69,26,4.94,MEDIUM
DP-0106,64.47,64.37,0.0,10.93,36.35,58.45,4,1,0.0,106.44,86.6,18,4.78,MEDIUM
DP-0107,55.79,61.71,4.07,12.97,46.65,79.95,3,0,12.29,287.88,78.18,16,5.21,LOW
DP-0108,28.11,11.1,3.66,1.95,8.52,41.58,3,1,21.51,157.75,80.65,36,2.05,HIGH
DP-0109,92.51,92.0,0.0,0.0,86.63,100.0,6,0,2.47,186.9,79.79,30,7.18,LOW
DP-0110,47.67,33.47,0.22,2.58,52.1,57.5,6,1,1.66,80.0,71.64,22,2.87,HIGH
DP-0111,69.14,66.48,0.0,9.65,82.93,78.86,2,0,10.31,80.0,89.13,17,4.98,LOW
DP-0112,43.37,45.2,4.93,0.0,42.77,59.25,4,2,6.63,159.02,86.69,24,3.46,MEDIUM
DP-0113,88.45,49.95,3.64,5.16,98.67,97.87,1,0,10.76,231.99,82.58,22,4.01,LOW
DP-0114,32.53,23.15,5.34,8.53,34.64,20.13,4,1,21.08,253.18,69.33,40,2.78,HIGH
DP-0115,79.73,92.22,7.32,0.0,92.53,91.83,1,0,0.0,161.01,79.25,31,5.96,LOW
DP-0116,68.51,64.45,0.0,8.78,71.79,69.05,4,0,10.02,229.48,77.17,31,4.59,LOW
DP-0117,80.96,70.54,0.0,0.0,92.42,81.68,1,0,6.03,146.86,87.68,18,5.97,LOW
DP-0118,45.33,53.17,4.69,12.2,55.88,52.21,2,0,10.59,80.0,85.78,15,4.73,LOW
DP-0119,25.54,24.78,8.04,12.32,22.02,18.4,10,0,6.3,161.85,90.71,46,2.0,HIGH
DP-0120,59.56,53.72,6.52,3.99,49.41,51.99,8,0,12.38,167.97,70.31,16,4.75,HIGH
DP-0121,92.36,100.0,6.23,3.53,90.82,96.95,2,0,0.82,269.61,86.02,28,7.48,LOW
DP-0122,46.15,48.59,2.61,12.34,10.65,30.62,1,1,0.0,155.61,82.21,12,4.8,MEDIUM
DP-0123,49.27,54.77,0.0,6.17,46.32,35.79,5,0,12.71,264.29,81.8,29,4.41,MEDIUM
DP-0124,58.75,70.4,2.49,5.6,57.18,32.34,0,0,17.1,181.9,90.77,66,5.83,LOW
DP-0125,57.79,53.03,0.0,5.87,42.75,52.33,3,1,2.74,291.78,81.43,15,4.33,MEDIUM
DP-0126,79.76,76.09,0.0,7.18,80.22,67.47,3,0,0.0,97.8,84.89,64,5.58,LOW
DP-0127,49.74,43.43,18.14,5.01,48.1,79.01,7,0,23.47,238.78,85.28,4,2.5,MEDIUM
DP-0128,72.31,59.75,0.0,0.52,62.26,85.99,3,1,5.51,256.63,85.4,54,4.92,LOW
DP-0129,77.21,62.66,0.0,7.73,55.75,95.85,3,0,9.38,245.23,91.09,11,5.06,LOW
DP-0130,50.24,64.96,4.19,5.82,50.62,54.76,6,2,13.27,242.72,74.5,36,5.25,HIGH
DP-0131,89.95,96.68,0.0,0.87,100.0,100.0,1,0,7.18,194.42,95.06,6,6.13,LOW
DP-0132,76.14,85.79,2.53,0.0,100.0,95.23,3,0,15.76,296.93,79.47,29,6.15,MEDIUM
DP-0133,53.68,45.67,0.0,8.41,42.61,54.89,3,0,11.79,150.16,88.61,28,4.56,LOW
DP-0134,81.13,73.99,0.0,4.3,49.88,77.84,1,0,5.01,196.97,82.64,23,4.95,LOW
DP-0135,81.46,81.51,0.0,2.98,84.28,84.97,6,0,7.8,349.18,83.56,19,7.66,LOW
DP-0136,39.14,50.79,0.0,0.0,21.81,38.97,5,0,0.43,259.55,81.46,30,5.03,MEDIUM
DP-0137,73.3,82.55,12.15,2.88,78.67,97.07,8,1,13.61,274.99,83.39,23,5.55,MEDIUM
DP-0138,84.04,100.0,14.04,4.26,68.23,65.48,5,1,11.2,349.57,75.94,31,6.46,LOW
DP-0139,77.38,74.48,0.85,1.4,69.48,52.12,2,0,5.99,127.93,73.75,17,5.18,LOW
DP-0140,42.27,63.1,2.57,3.78,54.86,61.65,1,0,3.09,291.73,84.66,20,4.56,LOW
DP-0141,67.36,76.54,0.0,8.31,74.32,72.59,3,0,8.88,263.25,88.13,15,4.96,LOW
DP-0142,58.22,50.59,0.0,8.52,72.89,41.33,5,0,6.79,207.65,92.32,32,4.48,LOW
DP-0143,62.37,64.1,0.0,0.73,61.09,58.45,9,3,4.19,205.51,83.38,26,5.8,MEDIUM
DP-0144,49.89,55.15,0.0,7.57,56.96,30.56,2,0,3.43,208.01,79.56,31,4.25,LOW
DP-0145,65.01,49.99,6.36,12.19,62.94,93.4,5,0,10.73,194.28,92.03,54,4.85,LOW
DP-0146,82.03,73.63,0.0,10.21,74.42,85.18,5,0,3.51,226.51,88.27,87,5.82,LOW
DP-0147,49.73,35.67,0.59,0.0,57.65,41.5,3,0,4.23,221.75,89.36,22,3.33,LOW
DP-0148,65.54,80.48,10.36,7.3,84.37,58.66,3,1,15.1,81.46,73.39,56,5.25,MEDIUM
DP-0149,87.84,94.17,12.55,4.0,85.95,78.75,2,0,5.75,204.35,97.75,21,6.8,LOW
DP-0150,13.5,14.44,9.37,6.9,14.79,36.2,7,1,3.53,181.1,75.07,20,2.7,HIGH
DP-0151,67.69,47.67,4.01,12.59,68.43,73.12,2,1,5.95,187.73,92.86,47,3.2,LOW
DP-0152,25.1,18.4,3.85,6.25,24.79,23.09,4,0,15.31,182.8,91.67,77,1.12,MEDIUM
DP-0153,38.56,47.29,7.71,1.91,14.7,27.43,4,0,0.0,192.0,79.3,39,5.06,MEDIUM
DP-0154,40.05,31.9,10.93,14.55,36.02,17.85,5,0,14.05,143.42,78.3,47,2.9,HIGH
DP-0155,53.67,57.48,0.0,2.0,65.15,33.33,6,1,8.22,80.0,83.49,51,4.81,LOW
DP-0156,67.36,62.84,6.82,4.38,72.33,49.08,5,0,8.1,109.73,83.46,34,3.73,LOW
DP-0157,72.11,67.38,6.04,6.21,60.69,70.85,3,0,14.5,227.62,83.37,19,4.39,LOW
DP-0158,41.04,21.1,0.0,4.24,36.42,27.92,8,1,15.02,211.0,90.92,19,3.43,MEDIUM
DP-0159,82.82,88.91,9.91,6.36,99.15,97.83,0,0,18.91,252.4,85.05,7,5.9,LOW
DP-0160,66.82,65.3,5.09,0.0,87.73,68.78,2,0,11.23,189.75,94.59,17,4.09,LOW
DP-0161,48.86,73.57,0.0,7.63,35.57,53.27,1,0,9.73,232.91,95.21,14,5.39,LOW
DP-0162,92.19,100.0,2.72,11.57,100.0,88.45,5,0,1.48,291.07,84.25,18,6.8,LOW
DP-0163,77.99,83.73,0.0,0.0,97.72,69.47,3,0,3.64,208.86,81.81,49,6.8,LOW
DP-0164,51.38,33.85,10.22,8.49,51.12,49.83,6,1,18.52,204.67,75.24,18,2.76,HIGH
DP-0165,40.04,31.21,2.51,3.5,51.61,28.18,4,0,7.44,249.82,94.44,11,3.14,MEDIUM
DP-0166,24.58,28.55,0.0,13.93,33.09,22.92,7,0,11.83,229.24,92.69,12,3.18,MEDIUM
DP-0167,49.18,52.53,7.26,0.0,67.19,54.22,2,0,14.6,138.57,98.41,62,3.68,LOW
DP-0168,66.67,62.8,11.57,0.0,86.29,47.51,5,1,16.48,83.03,70.28,47,5.19,MEDIUM
DP-0169,79.03,75.63,7.51,0.0,92.08,100.0,3,0,11.06,238.04,71.82,61,4.27,LOW
DP-0170,88.21,90.84,0.6,8.89,94.76,79.07,1,0,1.89,186.23,98.47,9,5.88,LOW
DP-0171,89.12,97.06,6.16,0.0,84.52,78.15,0,0,0.0,179.74,84.17,5,6.51,LOW
DP-0172,61.69,57.98,5.17,3.26,68.66,39.26,2,0,16.4,337.66,90.57,69,4.99,LOW
DP-0173,74.89,84.31,10.12,6.2,58.39,61.79,4,0,12.55,128.07,71.27,22,5.33,LOW
DP-0174,40.63,26.02,0.78,14.13,46.82,21.74,4,0,16.37,231.5,89.27,14,4.14,LOW
DP-0175,78.74,79.5,1.4,0.0,87.58,100.0,1,0,0.0,184.61,79.38,36,5.21,LOW
DP-0176,50.52,43.66,7.39,13.52,62.0,51.48,6,1,11.35,200.27,86.7,39,3.71,MEDIUM
DP-0177,39.23,22.2,3.5,4.43,34.06,39.32,3,0,7.68,197.59,82.75,26,3.07,MEDIUM
DP-0178,63.93,50.96,0.0,4.03,92.43,61.5,7,0,7.77,214.29,83.06,56,4.51,LOW
DP-0179,53.03,64.25,0.0,0.0,46.54,71.62,5,1,7.69,189.77,82.94,24,4.63,LOW
DP-0180,71.58,79.02,0.0,4.23,55.62,84.18,3,0,6.64,225.94,85.56,64,5.13,LOW
DP-0181,46.21,67.97,3.4,10.1,21.47,46.78,5,1,9.38,218.55,77.02,66,4.05,HIGH
DP-0182,71.45,84.92,0.0,7.51,74.46,55.93,4,0,0.0,162.67,80.22,50,4.7,LOW
DP-0183,39.17,52.31,6.66,9.08,33.29,41.53,1,0,17.32,233.27,77.17,33,5.8,MEDIUM
DP-0184,34.34,45.06,7.77,5.54,59.72,49.63,7,0,4.5,142.19,86.01,23,3.82,MEDIUM
DP-0185,27.91,37.08,7.96,1.72,40.39,45.75,4,1,12.11,165.92,81.23,18,3.9,MEDIUM
DP-0186,51.81,53.38,0.17,1.18,22.02,57.61,6,0,6.52,80.0,91.19,22,4.35,LOW
DP-0187,39.81,42.64,0.0,12.49,47.02,51.25,5,1,3.39,172.13,76.94,51,4.37,MEDIUM
DP-0188,43.58,42.33,6.41,7.44,45.62,44.22,4,1,11.09,212.83,85.41,9,3.03,MEDIUM
DP-0189,56.39,51.7,0.0,6.16,55.87,63.94,2,0,4.52,233.29,83.56,17,3.94,LOW
DP-0190,87.73,100.0,0.0,17.36,100.0,100.0,2,1,10.86,80.0,84.21,34,6.77,LOW
DP-0191,7.21,7.05,14.96,1.19,11.85,8.46,10,4,14.57,184.72,80.44,19,0.56,HIGH
DP-0192,47.2,46.42,9.9,18.54,32.35,46.23,6,1,8.76,265.0,80.43,41,3.85,MEDIUM
DP-0193,41.57,44.71,5.29,3.38,49.79,57.42,3,2,13.09,205.5,70.64,29,3.06,HIGH
DP-0194,85.94,86.42,0.0,0.57,87.47,100.0,0,0,14.45,298.5,92.03,24,6.61,LOW
DP-0195,78.1,63.43,2.72,6.37,64.23,65.09,2,0,9.21,179.35,85.47,27,4.8,LOW
DP-0196,38.42,52.2,1.53,4.5,42.84,16.36,6,1,6.09,91.72,88.64,14,3.97,HIGH
DP-0197,56.56,83.0,7.39,4.21,59.47,46.69,3,0,8.93,186.01,92.89,18,6.45,LOW
DP-0198,55.43,43.36,13.31,0.1,51.43,53.0,5,0,12.61,160.07,77.32,20,2.47,HIGH
DP-0199,87.3,77.02,0.0,8.11,79.97,85.02,1,0,16.29,251.47,91.19,73,6.42,LOW
DP-0200,54.74,56.34,6.47,7.07,64.88,60.27,3,0,1.95,170.53,80.23,32,3.79,LOW
DP-0201,51.97,56.36,0.0,0.3,47.95,49.69,1,0,9.72,177.1,89.9,19,4.57,LOW
DP-0202,42.11,23.31,6.28,13.79,61.65,37.64,5,1,4.1,255.69,77.89,38,3.28,MEDIUM
DP-0203,49.62,30.6,1.44,5.78,40.19,45.33,4,0,6.53,235.52,96.11,27,3.61,LOW
DP-0204,60.48,92.95,2.13,9.2,72.19,52.83,5,1,15.73,135.18,78.42,41,6.46,MEDIUM
DP-0205,33.0,36.99,8.95,0.0,43.52,32.05,6,1,6.39,177.65,79.27,14,2.82,MEDIUM
DP-0206,42.95,63.15,12.33,1.55,50.03,23.7,3,0,16.48,318.07,82.73,22,4.48,MEDIUM
DP-0207,60.29,64.78,6.82,2.34,59.93,62.49,7,0,13.4,240.69,82.58,23,5.44,LOW
DP-0208,40.04,43.62,5.7,1.98,45.61,25.01,3,1,12.43,278.6,82.1,57,3.44,MEDIUM
DP-0209,82.02,87.75,0.46,4.25,78.65,100.0,2,0,13.8,212.6,80.35,20,5.62,LOW
DP-0210,52.03,61.06,7.41,0.0,54.54,51.6,4,2,7.98,295.26,73.81,21,3.56,HIGH
DP-0211,66.69,44.88,1.6,0.0,57.66,72.4,2,0,0.0,155.06,81.29,40,3.17,LOW
DP-0212,34.61,29.82,7.9,7.51,40.22,45.11,5,0,10.68,183.92,81.44,43,2.8,MEDIUM
DP-0213,74.55,70.99,15.45,0.0,88.11,73.13,3,0,19.29,258.13,70.75,18,4.24,LOW
DP-0214,49.76,48.59,4.16,0.0,44.36,72.07,3,0,9.18,274.42,91.92,27,4.05,MEDIUM
DP-0215,61.56,63.31,2.48,0.95,55.16,75.84,8,1,6.67,119.32,86.19,36,6.17,LOW
DP-0216,68.71,67.57,0.0,7.94,72.69,76.21,4,1,15.54,259.97,88.41,17,4.59,LOW
DP-0217,45.06,35.88,5.12,15.87,38.88,46.48,6,1,13.08,218.35,71.37,29,2.79,MEDIUM
DP-0218,62.21,54.28,9.3,6.95,45.6,78.07,2,0,3.82,80.0,77.16,55,4.59,LOW
DP-0219,66.6,71.15,0.0,0.0,56.06,78.72,4,1,7.82,80.0,81.84,52,5.02,LOW
DP-0220,62.37,75.71,1.73,9.36,66.26,31.59,3,0,14.66,189.94,87.14,28,3.78,LOW
DP-0221,57.3,67.08,1.01,13.71,56.34,45.07,1,0,20.05,245.43,86.13,51,4.23,LOW
DP-0222,53.1,55.18,3.96,5.07,51.24,56.03,0,0,8.58,314.61,80.32,54,3.37,LOW
DP-0223,47.34,46.29,4.8,2.75,47.99,43.4,7,0,15.06,305.4,80.55,11,4.18,MEDIUM
DP-0224,75.92,67.81,0.0,1.32,80.3,73.99,5,0,6.26,152.84,92.23,61,5.19,LOW
DP-0225,44.83,57.86,0.0,4.36,60.93,59.1,1,0,8.53,174.69,82.9,40,5.33,LOW
DP-0226,55.2,61.44,0.0,2.44,81.85,50.18,1,1,14.47,265.01,80.42,26,5.36,LOW
DP-0227,56.84,69.73,0.0,5.08,41.51,56.41,4,0,15.03,277.92,86.29,15,4.59,LOW
DP-0228,41.82,54.7,8.8,8.79,33.1,51.47,3,2,0.6,143.99,74.65,18,3.29,HIGH
DP-0229,27.01,26.07,2.39,12.12,32.43,48.51,5,1,11.32,248.86,81.55,44,2.77,HIGH
DP-0230,64.36,64.35,5.3,0.0,78.4,63.08,5,0,0.05,323.8,84.48,16,5.36,LOW
DP-0231,63.19,54.94,0.0,0.0,61.54,71.59,3,0,5.44,274.28,89.05,15,4.7,LOW
DP-0232,49.49,49.37,0.0,12.15,30.15,75.4,2,0,12.55,341.61,77.54,26,4.74,LOW
DP-0233,71.54,72.31,2.74,6.94,82.85,74.62,3,0,7.84,261.81,89.18,8,6.61,LOW
DP-0234,71.17,73.34,7.97,4.1,54.17,81.45,1,0,22.15,294.74,86.71,23,4.7,LOW
DP-0235,71.83,53.99,2.78,8.25,60.99,62.13,3,1,5.61,205.01,71.56,26,3.55,MEDIUM
DP-0236,73.31,89.64,5.37,0.0,80.27,100.0,1,0,11.15,233.89,70.31,25,5.47,LOW
DP-0237,45.73,47.62,11.19,11.98,30.13,63.48,5,1,8.2,178.84,78.32,25,3.94,MEDIUM
DP-0238,55.42,46.54,2.45,0.0,62.35,76.59,6,0,5.92,170.39,92.54,41,3.73,MEDIUM
DP-0239,77.64,60.38,3.88,1.8,78.92,53.34,1,0,11.87,224.96,79.62,62,5.59,LOW
DP-0240,93.01,88.01,12.93,0.0,86.99,70.02,2,0,11.41,274.45,72.9,27,5.26,LOW
DP-0241,52.47,63.7,15.93,3.69,62.63,50.24,6,2,22.71,85.49,80.11,20,4.13,HIGH
DP-0242,45.52,56.63,6.96,0.0,56.43,59.69,11,0,10.77,220.61,94.34,31,5.33,MEDIUM
DP-0243,51.15,74.36,0.0,0.0,32.3,59.03,6,0,1.54,156.19,91.77,25,5.84,LOW
DP-0244,70.94,43.62,0.0,9.45,72.73,84.88,5,2,3.11,249.59,79.26,28,4.27,LOW
DP-0245,45.66,40.18,6.48,0.0,47.06,23.93,8,0,8.19,197.75,85.69,12,3.33,MEDIUM
DP-0246,79.0,76.92,0.0,0.1,70.43,58.69,3,0,0.3,199.18,89.43,44,4.67,LOW
DP-0247,60.03,75.42,0.0,0.0,45.92,63.71,1,0,10.91,254.34,100.0,27,4.8,LOW
DP-0248,84.04,93.58,10.77,3.62,84.86,100.0,2,0,3.6,166.44,84.61,29,7.4,LOW
DP-0249,47.63,54.23,6.75,5.36,43.3,52.61,3,1,3.4,245.43,82.07,37,3.07,LOW
DP-0250,73.89,74.01,2.49,6.53,60.8,84.66,0,0,8.58,219.5,92.29,56,5.25,LOW
DP-0251,86.13,79.67,5.18,0.0,73.68,78.63,3,0,8.89,195.84,80.43,26,5.13,LOW
DP-0252,65.05,68.33,0.0,1.45,86.91,59.74,4,1,5.39,203.62,86.09,10,4.22,LOW
DP-0253,49.9,48.56,6.07,9.81,66.11,31.75,4,2,14.51,151.56,77.6,11,3.26,MEDIUM
DP-0254,25.43,14.21,1.47,4.44,11.31,17.15,5,1,23.63,278.15,85.36,9,2.1,HIGH
DP-0255,14.4,24.19,1.21,0.0,12.5,14.54,7,1,23.08,271.79,79.17,8,1.87,HIGH
DP-0256,75.63,61.68,1.4,0.0,58.33,85.77,5,0,13.18,283.2,81.78,18,4.62,MEDIUM
DP-0257,33.19,46.37,11.95,12.13,14.69,31.82,7,2,5.56,163.7,71.93,17,2.82,HIGH
DP-0258,40.91,41.39,9.42,14.43,21.1,13.44,2,0,18.15,294.37,73.06,4,3.85,HIGH
DP-0259,82.42,73.31,0.72,12.65,64.71,72.54,5,1,3.47,263.93,88.54,50,5.87,LOW
DP-0260,27.38,32.33,3.82,7.76,27.51,33.37,7,2,10.77,185.33,80.17,17,2.54,HIGH
DP-0261,65.11,43.02,7.21,12.32,64.16,59.34,6,1,0.0,221.45,83.44,17,4.07,LOW
DP-0262,19.42,16.43,10.78,15.29,5.0,19.74,9,2,25.07,198.31,58.44,31,1.19,HIGH
DP-0263,44.04,59.56,2.98,6.59,53.05,49.42,9,0,5.27,245.5,87.92,21,4.57,LOW
DP-0264,68.01,60.56,9.14,0.0,84.27,67.91,4,0,9.11,273.3,89.11,46,4.21,LOW
DP-0265,57.81,67.69,0.0,0.0,51.96,66.97,4,1,8.31,126.7,69.88,13,4.62,MEDIUM
DP-0266,95.74,98.3,3.8,0.0,90.41,89.09,3,0,3.77,196.2,78.47,27,6.0,LOW
DP-0267,58.89,70.83,1.86,0.0,63.58,63.86,2,0,11.08,123.25,98.43,17,5.41,LOW
DP-0268,32.47,23.48,0.0,0.0,17.15,54.16,4,1,11.96,155.42,80.14,9,3.08,HIGH
DP-0269,75.77,69.09,1.84,0.0,100.0,79.67,4,0,3.73,184.39,72.73,34,4.8,LOW
DP-0270,63.47,76.4,0.0,2.36,78.03,46.65,6,1,9.72,213.55,86.89,22,5.81,LOW
DP-0271,56.9,65.22,0.0,8.8,45.6,82.65,4,1,0.14,141.89,84.87,18,5.09,MEDIUM
DP-0272,71.04,64.54,2.57,9.15,87.25,70.01,8,0,9.94,133.21,83.59,24,5.53,LOW
DP-0273,67.68,58.22,0.0,2.09,49.26,50.57,1,0,8.57,200.03,93.87,29,5.36,LOW
DP-0274,71.88,67.36,12.48,3.91,80.2,91.42,3,0,12.34,238.85,87.93,20,5.71,LOW
DP-0275,36.03,48.81,1.87,9.71,34.05,34.44,2,0,17.1,122.15,81.24,11,3.45,HIGH
DP-0276,54.34,54.87,0.0,12.14,52.44,83.76,4,0,8.83,277.04,81.59,25,4.7,MEDIUM
DP-0277,54.06,54.23,9.74,12.3,50.32,52.27,3,0,10.27,134.26,73.07,41,3.92,MEDIUM
DP-0278,24.36,27.76,10.97,3.27,14.58,50.44,6,3,27.8,196.52,67.88,19,2.01,HIGH
DP-0279,37.2,29.21,3.97,6.6,43.13,27.7,6,1,4.75,178.02,79.17,32,3.2,MEDIUM
DP-0280,91.43,100.0,0.0,0.0,88.05,67.58,2,0,5.37,295.15,86.48,49,6.58,LOW
DP-0281,41.69,36.25,0.0,0.0,43.49,23.09,6,1,8.22,242.8,84.28,11,4.29,MEDIUM
DP-0282,41.81,54.37,9.76,0.0,19.36,74.82,4,0,13.66,251.84,84.96,19,3.68,LOW
DP-0283,26.56,22.53,5.36,11.9,28.07,39.39,13,2,19.59,265.4,90.77,19,2.12,HIGH
DP-0284,91.18,68.47,1.26,9.87,100.0,87.96,2,0,13.61,145.26,81.86,33,5.13,LOW
DP-0285,83.1,86.99,0.0,0.3,79.77,91.71,2,0,15.05,243.76,77.67,21,6.9,LOW
DP-0286,29.1,21.35,4.7,5.74,25.62,30.75,3,0,10.67,161.58,88.85,8,1.72,MEDIUM
DP-0287,51.8,42.58,5.38,5.59,59.41,57.64,9,2,7.73,112.38,77.09,27,3.38,HIGH
DP-0288,41.79,56.13,3.08,17.23,43.89,75.74,6,0,6.49,251.78,82.61,24,3.23,MEDIUM
DP-0289,76.79,89.76,3.67,0.0,82.73,73.66,2,1,6.32,224.02,72.07,16,6.05,LOW
DP-0290,46.69,26.55,4.19,17.27,49.81,70.77,6,0,11.8,225.3,87.63,22,2.19,HIGH
DP-0291,39.42,38.58,0.0,2.83,44.68,43.17,7,1,1.71,182.1,82.11,38,3.21,HIGH
DP-0292,19.64,33.01,11.07,5.53,13.73,19.72,6,1,9.13,201.6,80.74,75,4.14,HIGH
DP-0293,73.02,75.6,0.0,0.0,50.36,77.39,4,0,1.23,166.05,82.0,27,5.63,LOW
DP-0294,23.69,39.69,11.28,3.94,35.9,22.27,8,0,20.75,289.57,82.14,27,4.43,HIGH
DP-0295,61.11,61.07,3.95,6.41,65.71,54.01,6,0,14.01,197.05,86.92,18,4.98,MEDIUM
DP-0296,55.18,67.27,7.07,2.18,50.15,43.74,8,1,13.92,292.78,86.72,16,6.79,MEDIUM
DP-0297,23.91,32.99,12.06,2.64,5.0,14.43,10,4,8.98,141.48,78.72,25,4.52,HIGH
DP-0298,82.25,85.99,0.0,1.06,92.93,97.28,2,1,0.0,168.15,80.53,24,6.04,LOW
DP-0299,97.4,100.0,5.34,0.0,87.61,100.0,0,0,5.81,114.27,84.74,48,7.37,LOW
DP-0300,68.56,48.45,5.15,3.96,45.29,58.45,6,1,3.72,184.85,79.27,28,3.84,HIGH
DP-0301,56.37,60.85,2.86,12.14,55.76,56.43,6,0,10.95,201.71,93.03,16,6.15,MEDIUM
DP-0302,70.16,66.17,1.16,8.07,93.25,61.22,3,1,10.41,274.75,82.92,15,6.14,LOW
DP-0303,26.34,38.21,8.75,8.84,38.49,39.5,7,1,18.22,149.75,85.95,36,2.44,HIGH
DP-0304,65.6,70.17,1.73,6.86,89.06,72.27,0,0,6.05,206.98,76.49,43,4.82,LOW
DP-0305,23.69,15.53,6.57,0.0,12.62,7.87,4,1,12.13,272.62,78.77,16,2.59,HIGH
DP-0306,29.19,35.76,11.74,18.03,57.21,43.64,9,1,9.8,100.6,79.02,7,3.46,HIGH
DP-0307,61.94,72.93,9.2,14.12,46.12,83.75,7,0,5.61,216.97,75.26,34,5.21,LOW
DP-0308,37.15,38.5,1.25,16.38,34.82,30.38,5,2,6.13,80.0,77.44,42,3.44,HIGH
DP-0309,25.41,24.87,9.52,10.91,22.63,0.0,5,1,19.3,268.93,82.14,50,3.15,HIGH
DP-0310,80.6,82.0,12.77,7.08,93.08,76.28,2,0,4.8,102.76,84.34,43,5.58,LOW
DP-0311,84.4,78.25,0.0,7.75,85.41,90.9,3,1,0.0,126.41,98.67,13,5.27,LOW
DP-0312,32.65,38.02,3.33,5.93,33.77,38.72,7,1,22.54,249.41,77.61,33,3.54,HIGH
DP-0313,46.2,54.63,0.0,9.57,39.92,53.72,2,0,0.25,173.83,73.75,34,3.86,MEDIUM
DP-0314,78.35,83.12,1.4,0.0,83.59,82.16,5,0,0.0,236.5,96.99,14,5.45,LOW
DP-0315,24.06,11.47,10.69,12.28,47.81,35.57,6,1,7.8,177.72,74.91,56,1.49,HIGH
DP-0316,17.88,8.62,15.24,0.0,22.37,7.6,6,2,18.4,291.89,77.15,18,1.46,HIGH
DP-0317,41.6,35.62,0.0,11.88,39.33,45.42,5,1,15.18,171.27,77.26,45,4.01,MEDIUM
DP-0318,76.1,69.44,0.0,10.64,74.95,90.55,3,0,4.1,147.78,84.79,32,4.25,LOW
DP-0319,30.99,38.16,7.98,7.23,7.09,48.23,9,0,19.49,213.86,71.59,13,3.38,HIGH
DP-0320,61.45,68.97,14.79,5.91,74.71,76.78,5,0,9.12,289.94,78.22,28,4.52,MEDIUM
DP-0321,81.13,85.87,5.49,10.09,86.53,89.73,3,0,0.0,227.62,70.4,22,6.07,LOW
DP-0322,40.66,57.59,10.49,7.99,36.07,57.3,2,0,7.38,194.69,83.33,14,4.17,MEDIUM
DP-0323,67.77,59.96,0.51,1.77,57.04,54.3,4,0,4.28,217.33,88.04,32,4.24,LOW
DP-0324,47.3,51.02,0.0,0.39,55.46,57.06,6,0,11.81,145.83,97.95,55,4.3,MEDIUM
DP-0325,77.53,79.64,0.0,10.84,70.95,85.55,3,0,12.9,183.11,87.18,17,5.38,LOW
DP-0326,50.0,49.84,0.53,5.33,46.24,39.34,5,2,3.95,233.17,97.58,36,5.28,MEDIUM
DP-0327,81.44,100.0,0.3,0.0,78.66,61.04,2,0,8.85,194.91,86.49,30,6.8,LOW
DP-0328,66.31,67.74,4.72,0.0,68.93,74.11,7,0,5.09,155.02,99.99,28,4.03,MEDIUM
DP-0329,66.93,76.69,1.43,2.15,59.28,68.46,4,0,10.46,166.12,86.0,42,5.33,LOW
DP-0330,65.24,46.5,5.66,7.32,78.64,57.85,5,0,13.82,335.61,73.26,23,5.49,LOW
DP-0331,96.33,100.0,0.0,16.45,100.0,92.18,3,0,12.43,235.08,86.02,11,6.66,LOW
DP-0332,41.26,27.02,0.0,5.69,45.62,31.59,4,0,20.95,178.24,93.41,12,3.16,MEDIUM
DP-0333,65.51,66.13,0.0,14.77,44.73,86.0,3,0,3.78,214.25,86.1,14,5.12,LOW
DP-0334,26.79,48.02,9.1,14.48,38.42,13.4,7,2,17.76,241.23,92.21,27,3.86,HIGH
DP-0335,98.0,89.2,6.51,10.18,99.09,100.0,2,0,0.0,230.15,87.76,61,7.23,LOW
DP-0336,37.04,28.17,0.0,7.33,12.02,11.55,3,0,16.23,130.34,81.95,29,3.25,MEDIUM
DP-0337,66.37,69.21,13.45,16.72,97.39,64.94,2,0,9.31,284.2,80.4,23,5.99,LOW
DP-0338,68.27,59.92,0.0,5.68,84.71,63.94,9,0,11.3,159.18,90.64,36,5.05,LOW
DP-0339,40.88,48.06,2.25,0.0,24.77,42.37,3,0,0.0,182.19,99.58,12,3.18,LOW
DP-0340,36.45,22.71,0.07,7.06,21.77,25.17,3,0,16.19,344.15,85.38,36,3.33,MEDIUM
DP-0341,17.01,14.47,7.87,10.71,25.04,21.45,5,0,8.35,80.0,83.94,23,3.67,MEDIUM
DP-0342,28.13,22.85,12.52,7.06,44.44,23.75,2,0,22.13,133.02,81.43,88,1.53,HIGH
DP-0343,32.4,32.2,14.03,9.31,41.54,17.67,6,0,15.4,240.92,74.23,22,2.85,HIGH
DP-0344,73.31,70.97,5.63,13.74,71.35,72.53,5,0,9.66,214.15,76.64,23,5.42,LOW
DP-0345,33.42,26.69,1.36,13.68,24.51,41.28,4,2,5.56,199.59,83.5,42,3.4,HIGH
DP-0346,90.54,81.31,0.0,0.0,86.16,100.0,2,0,0.29,271.96,86.63,9,6.4,LOW
DP-0347,52.04,38.77,8.34,2.43,50.35,47.46,3,0,3.55,177.36,76.81,8,4.19,MEDIUM
DP-0348,34.03,47.92,8.77,1.61,20.33,34.42,4,0,7.83,221.62,88.31,24,4.3,MEDIUM
DP-0349,84.48,83.45,0.0,0.91,100.0,84.55,1,0,3.23,211.18,79.87,93,6.47,LOW
DP-0350,76.49,73.71,8.26,0.55,71.67,81.02,2,0,11.85,180.54,86.81,11,5.55,LOW
DP-0351,77.43,87.52,0.0,0.0,77.85,70.9,4,2,13.66,166.22,82.93,5,5.8,MEDIUM
DP-0352,75.39,82.17,0.0,0.0,85.74,78.38,1,0,8.7,287.02,90.59,77,6.36,LOW
DP-0353,75.18,69.69,0.0,3.27,69.53,70.96,3,0,8.02,129.18,72.88,8,5.66,LOW
DP-0354,16.3,43.91,7.07,1.64,18.98,1.01,3,0,23.58,290.84,81.96,56,3.79,MEDIUM
DP-0355,26.32,19.69,6.97,15.27,26.16,29.99,4,0,20.48,377.6,87.64,21,2.73,HIGH
DP-0356,35.11,42.29,0.81,0.0,37.23,54.03,2,1,20.28,185.35,86.65,42,4.03,MEDIUM
DP-0357,52.27,34.43,17.58,2.96,50.33,53.98,4,0,2.51,141.79,75.36,17,1.82,MEDIUM
DP-0358,48.81,52.39,4.7,4.11,43.71,34.49,3,0,7.67,132.26,83.34,9,3.85,MEDIUM
DP-0359,81.62,64.23,0.0,4.53,100.0,89.83,2,0,2.39,264.87,84.04,29,5.85,LOW
DP-0360,10.97,18.7,9.34,18.99,12.78,40.27,9,3,18.35,248.26,67.58,10,2.07,HIGH
DP-0361,52.68,37.97,2.31,0.0,42.7,56.32,6,0,0.0,222.37,90.23,13,3.72,MEDIUM
DP-0362,59.79,54.3,9.14,9.7,66.48,53.65,7,0,5.28,124.96,78.41,30,5.87,MEDIUM
DP-0363,80.95,60.74,0.33,1.24,100.0,79.05,1,0,0.0,102.31,86.03,70,5.08,LOW
DP-0364,54.65,46.17,5.48,0.0,70.55,63.49,4,0,1.72,95.3,68.23,21,3.7,LOW
DP-0365,20.06,5.89,12.68,7.42,5.0,6.37,6,0,7.35,221.31,63.02,28,0.88,HIGH
DP-0366,56.97,50.83,0.0,12.29,55.21,82.83,2,0,25.4,223.8,83.3,32,5.02,LOW
DP-0367,64.88,59.2,5.41,0.0,55.07,66.55,3,0,2.16,259.5,80.22,6,3.43,LOW
DP-0368,18.16,15.31,7.41,1.58,13.16,24.79,5,1,17.0,183.84,85.32,18,2.63,HIGH
DP-0369,78.72,89.16,9.89,6.81,88.98,80.76,3,0,0.16,80.0,96.66,11,4.89,LOW
DP-0370,38.05,23.18,7.04,8.52,35.62,65.05,1,0,18.69,184.44,82.2,22,1.37,MEDIUM
DP-0371,71.29,46.96,0.0,0.0,57.3,75.84,4,0,14.81,309.7,85.18,68,2.74,MEDIUM
DP-0372,89.15,92.21,0.0,8.07,100.0,100.0,1,0,3.3,80.0,89.39,19,7.19,LOW
DP-0373,50.58,38.37,1.28,7.17,44.55,54.72,3,2,6.79,267.06,79.13,76,2.96,HIGH
DP-0374,40.97,49.81,8.29,4.12,47.2,39.54,6,2,12.61,294.2,81.4,22,2.81,HIGH
DP-0375,39.89,59.05,2.53,15.94,37.63,48.37,4,1,6.35,120.58,86.12,33,4.45,LOW
DP-0376,50.11,47.95,0.78,8.4,24.9,44.39,6,0,12.2,206.21,81.63,56,4.01,MEDIUM
DP-0377,46.67,55.4,0.78,2.69,56.9,59.96,5,1,10.41,147.06,84.15,29,4.68,LOW
DP-0378,71.27,85.76,1.01,7.87,75.97,86.93,2,0,12.86,295.02,87.79,28,6.89,LOW
DP-0379,48.93,45.74,2.82,6.23,35.83,56.06,4,1,5.66,148.93,87.3,68,3.36,LOW
DP-0380,53.4,39.36,0.0,0.0,34.22,51.41,1,0,6.47,204.34,85.67,14,4.17,MEDIUM
DP-0381,65.74,88.72,2.74,12.08,44.67,63.13,6,0,16.6,178.24,89.7,56,7.22,LOW
DP-0382,47.94,49.92,6.66,3.15,39.87,46.46,4,0,7.86,250.49,80.29,28,3.8,MEDIUM
DP-0383,49.75,47.01,0.0,0.24,14.56,53.16,7,0,3.87,275.38,100.0,38,3.63,MEDIUM
DP-0384,59.88,60.71,6.23,2.1,58.23,43.04,4,0,9.17,80.0,93.53,7,4.65,MEDIUM
DP-0385,36.23,30.88,3.2,10.74,23.22,21.85,3,0,11.69,251.26,84.92,29,2.02,MEDIUM
DP-0386,76.3,72.48,1.95,0.49,75.92,81.98,2,0,4.97,133.0,85.98,13,6.64,LOW
DP-0387,87.79,81.85,0.13,0.0,55.18,81.0,7,1,4.56,208.47,76.24,22,5.35,MEDIUM
DP-0388,43.66,45.64,12.04,6.58,14.8,73.99,3,0,0.0,132.75,90.79,23,4.14,MEDIUM
DP-0389,51.0,54.52,6.34,8.34,46.04,50.73,5,1,10.26,281.07,78.29,30,4.31,HIGH
DP-0390,61.68,68.12,9.02,11.98,54.38,82.07,1,0,8.53,188.93,83.8,70,5.55,LOW
DP-0391,34.44,37.02,0.06,7.38,30.2,29.0,5,0,13.38,239.87,86.71,21,2.92,HIGH
DP-0392,67.26,71.87,0.46,5.19,63.08,78.45,9,0,8.07,200.59,90.84,56,4.7,MEDIUM
DP-0393,53.67,59.71,0.0,5.41,43.3,35.39,3,0,11.89,267.18,78.74,35,4.32,LOW
DP-0394,48.57,50.01,5.68,0.0,38.74,43.71,3,0,3.83,148.63,84.87,26,3.81,MEDIUM
DP-0395,54.35,44.39,17.96,13.2,50.88,32.77,7,2,22.5,285.69,65.15,64,3.53,HIGH
DP-0396,78.26,77.01,5.08,0.0,79.09,54.32,1,0,7.6,210.91,74.43,55,5.59,LOW
DP-0397,51.97,40.12,3.05,17.23,48.09,43.48,6,0,14.57,188.71,79.82,24,4.13,LOW
DP-0398,85.42,59.09,0.0,0.87,86.36,74.27,2,0,8.52,182.09,89.55,19,4.78,LOW
DP-0399,75.97,89.47,5.98,5.3,85.26,58.76,2,0,14.74,203.44,77.62,20,6.05,LOW
DP-0400,73.61,97.07,0.0,3.29,89.84,92.42,6,1,11.37,210.98,87.07,17,6.31,LOW
DP-0401,43.48,53.78,0.0,10.54,20.84,45.55,7,2,3.77,235.62,82.74,20,3.26,HIGH
DP-0402,39.01,57.9,0.0,6.75,40.46,31.27,5,1,10.57,120.33,75.13,2,4.41,HIGH
DP-0403,78.46,73.69,0.0,0.0,100.0,74.81,1,0,4.88,189.5,97.81,46,6.19,LOW
DP-0404,74.52,73.42,6.48,9.43,72.66,42.15,4,1,10.81,250.29,83.98,22,5.02,MEDIUM
DP-0405,47.62,64.45,6.74,0.0,52.57,26.9,5,0,11.68,238.59,100.0,33,3.7,MEDIUM
DP-0406,70.75,77.31,2.55,1.45,92.52,67.84,4,1,11.38,168.47,89.63,13,6.6,LOW
DP-0407,23.92,10.77,0.0,11.52,21.02,34.1,5,0,15.77,292.6,82.79,42,1.97,MEDIUM
DP-0408,57.42,55.97,5.45,12.97,58.07,65.41,1,0,12.38,235.64,84.92,90,2.77,MEDIUM
DP-0409,14.81,18.86,6.14,9.93,5.0,10.26,3,2,25.32,224.75,77.22,33,2.32,HIGH
DP-0410,46.65,46.21,1.36,14.28,34.79,46.16,5,0,12.62,183.38,87.97,19,2.88,HIGH
DP-0411,77.82,87.34,5.04,0.0,79.39,45.97,7,1,10.45,197.48,83.26,13,5.84,LOW
DP-0412,40.97,53.47,1.11,0.0,36.33,38.4,1,0,10.49,137.35,90.68,10,4.83,LOW
DP-0413,45.21,45.96,0.88,10.67,40.61,47.59,4,0,0.81,179.95,90.56,34,2.58,LOW
DP-0414,69.32,76.14,0.0,2.68,75.56,70.41,2,0,0.0,94.28,77.29,11,5.52,LOW
DP-0415,25.16,25.39,14.03,18.98,37.89,18.51,7,1,16.04,316.13,74.5,14,2.39,HIGH
DP-0416,82.72,73.66,0.0,6.53,95.45,95.15,2,0,1.49,210.44,84.82,35,6.45,LOW
DP-0417,37.21,37.85,0.42,0.0,58.83,36.06,8,1,12.48,244.61,76.8,22,3.48,MEDIUM
DP-0418,60.23,62.54,7.5,0.0,64.06,50.06,3,1,12.6,296.64,96.87,29,5.64,LOW
DP-0419,42.47,35.65,13.29,9.61,56.61,45.41,3,0,9.24,154.76,74.23,13,1.42,HIGH
DP-0420,59.32,47.83,7.52,14.61,33.2,84.95,4,1,18.69,199.04,82.75,28,3.62,HIGH
DP-0421,34.86,33.59,4.29,4.91,29.35,30.54,1,0,10.62,135.44,79.16,9,1.87,MEDIUM
DP-0422,74.81,84.85,0.0,0.0,81.0,71.82,1,0,16.88,154.07,84.82,5,5.55,LOW
DP-0423,96.92,78.62,0.0,0.0,86.69,100.0,3,0,4.28,104.83,90.53,21,5.18,LOW
DP-0424,82.27,41.08,0.45,7.05,81.13,69.5,1,0,10.15,228.39,83.34,28,3.48,LOW
DP-0425,73.91,77.34,8.34,7.5,81.66,68.8,5,0,17.88,194.84,82.89,23,4.04,MEDIUM
DP-0426,75.14,84.0,0.0,14.85,76.63,86.7,0,0,16.56,190.04,89.85,28,5.29,LOW
DP-0427,73.87,79.22,3.22,3.67,65.4,70.49,1,0,0.0,80.0,95.36,17,5.46,LOW
DP-0428,50.54,51.79,6.38,15.96,23.5,46.74,9,1,16.62,291.98,88.97,57,3.39,MEDIUM
DP-0429,37.33,37.03,11.4,7.99,23.85,64.64,4,0,16.42,212.91,80.53,45,3.82,HIGH
DP-0430,74.71,70.61,1.06,0.0,72.05,83.86,1,0,5.3,164.3,100.0,32,7.09,LOW
DP-0431,69.87,69.58,0.0,2.1,95.7,50.28,0,0,15.01,236.81,83.92,21,3.45,LOW
DP-0432,48.37,43.23,7.0,5.43,67.95,70.17,3,0,12.28,80.0,62.4,30,4.06,MEDIUM
DP-0433,45.48,53.66,3.28,0.67,32.69,68.0,5,2,9.54,261.79,67.22,18,3.48,HIGH
DP-0434,36.53,21.01,0.0,7.49,23.38,28.26,5,1,0.27,189.58,78.29,43,2.69,MEDIUM
DP-0435,87.0,94.27,0.0,1.29,100.0,100.0,3,0,6.18,258.54,89.47,15,7.43,LOW
DP-0436,31.46,31.51,0.0,9.91,43.94,28.66,2,0,14.16,130.02,88.11,13,2.58,MEDIUM
DP-0437,70.92,78.01,0.0,6.2,85.31,43.75,1,0,12.82,80.0,88.92,19,5.25,LOW
DP-0438,48.54,52.9,0.0,5.33,38.58,44.56,2,0,12.24,273.33,82.91,42,4.34,MEDIUM
DP-0439,50.6,28.24,11.52,5.94,39.75,54.96,8,1,8.51,158.12,85.04,62,2.84,HIGH
DP-0440,27.72,20.33,9.33,0.52,50.2,30.24,13,1,7.38,248.01,83.72,34,2.73,HIGH
DP-0441,61.55,54.87,0.17,5.57,59.59,45.45,0,0,9.49,321.32,92.73,12,4.49,LOW
DP-0442,70.86,70.0,6.24,3.98,93.73,80.07,3,0,11.19,270.41,75.97,52,4.29,LOW
DP-0443,93.7,94.92,0.0,5.08,100.0,89.6,1,0,7.92,180.34,91.95,42,8.0,LOW
DP-0444,62.41,61.04,0.0,0.08,65.29,51.49,6,0,8.13,99.97,100.0,39,4.51,LOW
DP-0445,71.81,75.09,0.0,0.0,70.01,63.0,5,0,1.05,122.61,90.27,25,6.23,LOW
DP-0446,88.97,88.42,0.0,5.27,94.41,88.56,0,0,0.0,274.09,83.12,5,6.35,LOW
DP-0447,62.22,48.75,0.0,3.85,59.29,79.43,6,1,15.43,218.51,69.0,22,3.35,MEDIUM
DP-0448,46.47,38.28,0.0,0.0,51.74,65.9,1,0,16.02,155.57,84.45,8,3.47,LOW
DP-0449,26.64,34.53,2.22,3.65,51.23,42.88,5,3,2.89,304.1,95.77,23,3.37,HIGH
DP-0450,56.42,49.91,0.0,1.53,26.87,56.42,0,0,11.07,182.68,94.29,36,3.86,LOW
DP-0451,36.83,19.73,0.0,12.12,14.65,38.44,6,0,5.9,213.14,81.85,25,3.53,HIGH
DP-0452,43.85,60.07,15.85,15.21,28.73,29.55,5,0,16.05,277.36,73.25,30,4.58,MEDIUM
DP-0453,61.6,58.25,0.0,5.09,60.1,74.92,5,1,8.37,99.14,78.6,23,4.1,MEDIUM
DP-0454,33.89,38.3,5.81,10.06,22.6,8.97,7,1,14.54,275.77,91.71,45,4.52,HIGH
DP-0455,12.71,15.68,7.24,7.77,5.0,40.44,4,0,8.43,122.45,76.95,48,1.95,HIGH
DP-0456,55.71,53.12,0.0,11.93,58.98,74.38,2,0,11.85,218.62,87.23,8,5.45,MEDIUM
DP-0457,78.62,67.01,0.0,3.61,92.27,60.8,0,0,7.45,348.54,87.87,8,3.96,LOW
DP-0458,20.41,14.02,7.51,13.73,5.0,38.98,7,3,10.05,304.12,82.29,23,2.51,HIGH
DP-0459,69.2,61.78,1.86,7.95,88.34,66.33,2,0,6.65,172.69,74.91,4,5.35,LOW
DP-0460,59.78,74.28,0.0,0.0,57.94,39.1,5,2,3.13,202.41,80.7,23,5.31,MEDIUM
DP-0461,72.01,90.18,0.0,13.21,96.51,70.9,4,0,1.32,151.65,72.36,37,6.11,LOW
DP-0462,69.32,73.5,0.0,4.23,47.96,49.51,7,0,2.53,126.36,80.95,54,4.94,LOW
DP-0463,86.9,74.98,0.0,0.85,79.24,100.0,4,0,9.47,205.37,86.46,57,5.95,LOW
DP-0464,53.2,42.19,0.0,10.09,13.9,47.2,3,0,7.78,191.61,82.65,35,2.83,HIGH
DP-0465,76.47,72.35,7.38,4.78,58.45,69.31,2,0,6.23,110.59,88.73,68,5.62,LOW
DP-0466,53.29,38.28,16.07,2.52,65.08,54.87,4,0,17.07,192.35,83.13,28,2.98,MEDIUM
DP-0467,77.97,81.6,2.83,1.37,76.23,54.14,0,0,8.4,298.02,99.83,37,5.97,LOW
DP-0468,38.04,34.77,3.8,17.05,36.79,24.28,6,1,9.09,267.21,78.72,27,3.3,HIGH
DP-0469,81.31,78.68,3.53,6.33,87.04,92.84,1,0,4.42,220.01,81.93,11,5.14,LOW
DP-0470,41.76,28.34,5.34,8.41,46.64,40.63,1,0,14.51,139.69,80.69,38,3.34,MEDIUM
DP-0471,78.58,100.0,0.0,2.57,91.35,46.5,1,0,11.46,107.17,98.62,17,7.46,LOW
DP-0472,71.19,65.39,6.84,0.0,84.3,31.33,8,0,10.51,203.43,88.58,10,5.87,MEDIUM
DP-0473,76.14,89.57,3.96,0.0,71.22,72.16,5,0,12.54,295.33,84.93,25,5.89,LOW
DP-0474,71.09,65.13,5.63,9.78,63.89,90.62,2,0,5.3,181.61,79.65,36,4.7,LOW
DP-0475,65.79,56.26,0.99,4.99,55.23,60.3,2,0,7.79,240.82,86.58,7,5.34,LOW
DP-0476,28.77,26.27,4.44,3.91,15.98,31.45,4,0,13.21,161.62,86.06,29,2.59,HIGH
DP-0477,68.93,74.0,0.0,2.49,84.69,68.33,1,0,7.51,257.72,90.0,19,6.21,LOW
DP-0478,79.45,84.89,0.99,3.64,100.0,86.11,3,1,2.58,219.56,93.34,32,7.68,LOW
DP-0479,66.04,76.21,3.27,2.91,60.55,62.06,3,0,17.42,144.61,97.77,8,4.11,LOW
DP-0480,22.61,44.29,9.48,4.76,26.49,22.24,3,1,13.23,369.67,87.17,32,3.93,MEDIUM
DP-0481,55.06,61.77,0.0,8.09,81.57,56.29,5,3,11.4,194.61,76.78,24,6.05,MEDIUM
DP-0482,72.14,87.0,15.64,0.0,68.67,72.43,4,1,10.06,146.73,77.06,21,6.66,LOW
DP-0483,42.94,50.57,0.0,13.92,56.36,35.59,8,1,13.41,171.63,83.72,24,3.79,HIGH
DP-0484,64.77,60.55,1.11,11.17,54.99,77.33,2,1,16.04,225.52,88.62,46,4.46,MEDIUM
DP-0485,58.25,46.06,4.88,0.0,53.21,52.4,4,1,1.5,107.24,75.03,16,5.06,LOW
DP-0486,81.6,61.7,4.69,5.31,70.62,87.61,1,0,10.33,153.85,97.23,26,4.42,LOW
DP-0487,87.75,90.01,6.85,0.0,96.66,72.88,3,0,0.0,189.07,80.65,14,5.87,LOW
DP-0488,40.46,33.63,2.47,19.48,32.61,7.2,5,0,19.67,209.31,81.03,22,3.83,HIGH
DP-0489,56.49,69.61,2.07,6.55,59.53,53.55,6,2,12.53,149.88,69.84,15,5.56,HIGH
DP-0490,80.97,85.23,9.92,0.0,58.34,100.0,4,1,9.91,125.37,81.4,12,5.15,LOW
DP-0491,61.79,65.1,0.0,5.59,71.8,80.61,2,0,20.17,251.86,87.12,26,5.69,LOW
DP-0492,41.32,47.03,6.49,13.77,55.23,34.65,3,0,0.0,128.86,79.47,28,4.2,MEDIUM
DP-0493,76.93,57.79,4.59,5.24,53.68,91.47,2,1,11.34,197.07,82.63,57,4.19,MEDIUM
DP-0494,61.14,51.82,0.0,15.59,61.12,39.87,4,0,5.0,109.55,85.07,29,4.74,MEDIUM
DP-0495,66.9,42.47,5.09,9.16,72.59,47.88,3,0,7.19,210.15,73.82,39,3.89,MEDIUM
DP-0496,61.15,43.08,6.98,5.7,30.86,53.46,3,0,9.95,232.56,87.72,9,3.75,MEDIUM
DP-0497,23.72,19.97,10.99,12.38,35.09,25.01,7,0,8.48,262.95,93.35,23,2.08,MEDIUM
DP-0498,40.34,35.23,9.16,12.86,14.81,35.0,2,0,11.89,204.64,81.84,29,4.03,MEDIUM
DP-0499,52.6,61.64,6.63,3.27,44.55,72.02,4,2,19.6,171.71,82.24,7,5.57,HIGH
DP-0500,51.76,31.85,8.73,5.51,57.77,27.98,5,1,6.53,253.5,85.83,21,2.62,HIGH
DP-0501,68.57,83.35,0.0,0.86,65.58,51.32,2,0,5.46,296.35,93.26,31,6.86,LOW
DP-0502,62.71,73.92,6.25,9.13,80.76,79.82,6,0,13.38,134.69,80.02,57,5.85,LOW
DP-0503,90.37,95.21,0.0,0.0,67.92,84.56,1,0,0.0,165.14,84.59,8,6.61,LOW
DP-0504,67.49,70.85,2.68,13.33,63.63,70.72,4,0,10.08,275.92,78.05,36,5.96,LOW
DP-0505,57.7,57.72,4.9,4.73,52.66,52.82,5,0,7.09,170.44,90.49,18,5.08,LOW
DP-0506,56.85,52.83,6.86,0.0,51.56,41.8,4,0,2.43,241.88,96.25,31,4.31,LOW
DP-0507,70.71,54.28,0.0,10.27,84.21,75.35,2,0,1.81,202.02,90.08,24,4.96,LOW
DP-0508,28.51,33.94,4.09,2.97,33.52,51.69,7,1,16.88,234.36,66.57,56,3.55,HIGH
DP-0509,73.38,48.0,1.46,1.15,57.33,50.03,7,0,4.55,227.27,91.42,21,4.29,LOW
DP-0510,37.45,39.52,9.99,6.39,50.85,10.72,4,0,8.25,247.06,72.92,27,3.12,MEDIUM
DP-0511,93.64,100.0,0.0,4.26,100.0,100.0,3,0,3.33,213.22,87.17,20,6.22,LOW
DP-0512,86.15,76.96,0.91,4.0,84.87,80.13,3,0,10.64,298.3,97.57,64,5.05,LOW
DP-0513,44.98,58.88,2.65,7.33,17.18,42.22,4,0,2.82,134.31,63.66,32,4.52,LOW
DP-0514,51.64,64.1,10.63,4.33,65.43,47.77,3,0,0.75,233.68,78.34,13,4.24,LOW
DP-0515,48.65,21.05,13.66,7.27,55.08,57.57,3,1,6.08,176.77,83.89,9,1.86,MEDIUM
DP-0516,54.93,72.07,7.17,0.72,66.47,49.74,3,0,16.62,282.05,95.87,61,5.58,MEDIUM
DP-0517,85.72,100.0,0.0,1.18,87.94,100.0,5,0,2.69,121.79,98.93,67,7.55,LOW
DP-0518,70.57,55.52,6.6,0.0,68.71,36.34,5,2,5.89,253.59,81.11,34,4.69,MEDIUM
DP-0519,57.09,50.45,4.72,4.12,72.33,46.37,4,0,8.14,189.96,78.19,20,3.56,LOW
DP-0520,51.0,32.94,0.0,13.21,36.04,46.71,3,1,6.17,295.84,90.0,21,3.31,LOW
DP-0521,33.94,27.15,2.2,10.83,11.19,27.75,4,0,4.69,197.34,85.83,11,3.56,MEDIUM
DP-0522,39.4,30.37,0.0,0.23,49.01,39.67,7,0,9.24,211.1,92.52,15,4.12,HIGH
DP-0523,82.93,93.78,6.7,0.0,89.22,98.3,1,0,0.0,195.65,90.79,27,5.8,LOW
DP-0524,88.14,100.0,0.0,3.19,92.0,97.26,5,0,2.8,213.07,90.17,36,8.0,LOW
DP-0525,70.2,83.43,5.27,1.91,78.68,60.0,1,0,4.1,183.38,87.03,19,6.26,LOW
DP-0526,63.13,55.36,10.82,6.04,34.32,70.91,6,0,8.72,237.18,91.3,23,3.21,MEDIUM
DP-0527,35.49,38.52,2.9,4.18,31.9,39.1,4,1,11.24,261.37,75.41,53,3.02,MEDIUM
DP-0528,88.67,83.65,0.74,11.89,100.0,68.22,5,0,0.0,215.93,96.08,47,5.77,LOW
DP-0529,46.46,55.66,6.14,14.61,60.59,42.74,7,2,0.37,319.54,82.2,4,4.89,HIGH
DP-0530,74.83,63.26,7.27,8.25,79.81,62.72,3,0,1.59,207.65,81.43,20,4.56,LOW
DP-0531,70.52,65.05,0.0,0.0,66.64,80.95,4,0,11.89,258.84,92.63,7,4.84,LOW
DP-0532,82.06,81.18,0.0,12.46,80.89,56.64,1,0,3.84,165.18,78.12,57,6.47,LOW
DP-0533,51.83,34.48,9.23,12.43,38.71,34.95,1,0,8.3,193.16,93.97,63,2.39,LOW
DP-0534,27.77,34.64,7.4,2.53,39.09,32.04,6,0,12.6,183.79,88.27,52,2.24,MEDIUM
DP-0535,37.05,47.11,0.0,4.77,45.34,22.72,6,0,18.07,289.8,82.0,58,4.64,MEDIUM
DP-0536,73.49,70.39,4.03,1.57,82.46,38.75,4,1,10.61,186.52,85.24,24,4.62,MEDIUM
DP-0537,30.81,13.16,5.15,5.69,26.81,34.84,6,0,14.47,161.26,68.95,46,1.27,HIGH
DP-0538,67.58,75.96,2.81,6.19,66.02,65.41,3,0,10.55,217.98,79.39,16,5.86,LOW
DP-0539,22.88,25.35,11.87,11.25,27.03,15.92,7,1,12.76,196.09,85.86,40,1.75,HIGH
DP-0540,39.34,60.67,10.94,13.43,30.54,28.99,2,0,7.1,238.81,69.97,53,3.49,MEDIUM
DP-0541,50.81,44.19,8.76,0.42,73.7,49.79,5,1,10.89,80.0,92.09,8,3.0,HIGH
DP-0542,66.62,72.71,0.0,0.59,64.68,49.3,6,0,12.25,192.25,91.92,14,4.86,MEDIUM
DP-0543,34.04,25.78,1.03,3.19,27.73,36.18,4,1,8.48,239.37,83.9,21,2.43,MEDIUM
DP-0544,38.4,32.96,11.04,0.0,39.46,45.86,7,3,8.69,219.11,90.51,25,2.95,HIGH
DP-0545,33.75,48.81,0.7,3.54,40.13,24.71,4,1,9.61,127.16,82.52,18,4.53,MEDIUM
DP-0546,81.26,92.26,5.6,7.81,58.71,92.36,4,0,6.53,253.29,93.69,9,6.84,LOW
DP-0547,64.79,60.95,2.27,7.2,60.59,61.46,2,0,7.48,156.99,93.83,88,5.15,LOW
DP-0548,59.04,54.93,0.0,6.51,33.67,54.52,2,0,2.54,95.91,89.95,13,4.68,LOW
DP-0549,91.3,84.69,6.73,2.6,100.0,50.58,3,0,5.14,241.15,83.53,29,4.35,LOW
DP-0550,65.84,67.69,0.0,0.0,68.52,70.11,4,1,19.84,274.18,71.69,38,6.18,MEDIUM
DP-0551,75.46,71.05,0.0,7.11,67.79,84.28,1,0,9.32,276.32,94.54,70,5.17,LOW
DP-0552,65.06,66.54,4.88,4.91,74.42,61.31,2,1,4.56,234.82,72.26,16,4.53,LOW
DP-0553,67.37,73.18,5.18,0.0,70.92,69.62,4,0,20.56,274.07,76.38,21,3.66,LOW
DP-0554,76.38,70.76,0.0,1.56,96.85,74.15,4,0,10.56,227.72,100.0,32,6.78,LOW
DP-0555,65.68,63.69,0.0,6.4,73.48,61.95,2,0,4.64,319.35,87.55,43,6.07,LOW
DP-0556,71.79,81.23,4.73,0.0,75.8,65.34,2,0,10.26,246.21,85.27,42,4.46,LOW
DP-0557,52.67,42.42,8.57,0.91,34.49,39.89,5,1,0.0,128.21,80.96,27,4.19,MEDIUM
DP-0558,72.87,65.86,3.06,17.12,82.75,77.24,7,1,21.73,313.17,79.07,57,4.68,HIGH
DP-0559,53.28,61.9,13.48,7.53,64.55,44.08,4,1,4.15,164.02,83.25,51,4.35,LOW
DP-0560,56.19,31.86,7.97,0.0,60.93,37.44,6,0,6.56,238.71,78.86,20,1.63,MEDIUM
DP-0561,55.48,65.62,3.98,5.54,52.17,34.1,2,1,15.18,194.48,86.82,16,5.25,MEDIUM
DP-0562,79.41,67.56,0.0,3.14,79.4,69.35,0,0,13.0,80.0,77.53,40,5.26,LOW
DP-0563,57.58,60.12,8.12,0.52,69.8,80.97,2,0,7.79,89.99,84.72,88,3.83,LOW
DP-0564,29.4,18.15,7.17,4.58,31.08,33.9,9,3,13.19,241.59,79.58,21,1.45,HIGH
DP-0565,80.95,55.09,1.89,0.0,85.38,46.18,2,0,11.0,99.38,73.79,50,4.69,LOW
DP-0566,62.29,66.85,14.07,8.82,59.02,61.38,4,0,13.45,171.89,67.92,28,5.23,MEDIUM
DP-0567,66.55,75.29,7.03,9.31,70.86,74.43,6,1,18.03,268.71,91.19,37,5.64,MEDIUM
DP-0568,72.52,80.95,0.48,7.87,70.03,82.47,1,0,5.93,109.09,73.92,16,6.76,LOW
DP-0569,51.88,55.71,8.82,4.06,48.84,89.9,0,0,4.79,210.68,89.88,24,3.99,LOW
DP-0570,60.95,72.03,0.0,6.54,77.29,42.9,1,0,0.0,219.54,86.86,12,4.69,LOW
DP-0571,54.52,68.15,2.6,6.14,65.46,48.69,4,1,2.25,260.03,87.48,27,6.31,LOW
DP-0572,43.64,43.91,1.13,3.94,30.4,54.74,4,0,10.17,164.18,90.04,46,3.79,LOW
DP-0573,51.17,45.39,2.39,8.99,28.3,48.88,4,3,14.45,138.53,86.51,29,3.97,HIGH
DP-0574,41.99,57.07,1.64,5.09,60.92,40.61,7,1,10.63,123.43,78.19,22,4.01,MEDIUM
DP-0575,52.77,67.03,0.0,0.0,67.84,47.68,3,0,5.2,131.23,86.71,28,4.29,LOW
DP-0576,55.42,45.6,0.0,9.31,75.55,78.36,2,0,19.93,313.64,84.06,21,5.07,LOW
DP-0577,53.87,51.03,5.87,5.53,49.5,66.24,3,0,7.45,226.81,93.97,19,5.3,LOW
DP-0578,68.96,84.51,0.0,2.52,75.99,97.48,4,1,6.03,297.63,80.02,31,7.03,LOW
DP-0579,48.77,44.99,0.0,4.79,30.86,56.72,4,2,0.0,243.73,89.55,13,4.69,MEDIUM
DP-0580,62.09,52.52,11.5,9.32,72.24,59.93,5,0,13.5,213.75,88.47,28,4.92,LOW
DP-0581,38.48,27.13,10.71,5.58,41.16,45.77,5,2,19.15,201.08,92.11,16,2.65,HIGH
DP-0582,65.65,48.05,0.0,0.93,75.16,77.67,6,0,8.23,80.0,97.9,75,3.98,LOW
DP-0583,49.82,59.03,0.0,4.08,31.53,48.32,4,1,3.59,80.0,91.98,13,3.95,MEDIUM
DP-0584,46.68,48.47,0.0,9.26,53.65,53.22,2,0,12.57,123.77,93.61,13,3.06,MEDIUM
DP-0585,69.4,74.15,1.65,0.0,76.04,80.01,4,0,17.25,164.88,76.77,43,4.9,LOW
DP-0586,33.49,33.79,6.06,11.24,19.38,45.22,12,1,14.06,218.82,78.9,13,4.04,HIGH
DP-0587,88.65,97.39,0.0,2.33,78.96,96.71,4,0,4.41,193.73,79.25,26,8.0,LOW
DP-0588,85.38,73.92,0.0,0.0,52.63,100.0,2,0,0.0,293.05,75.52,29,5.99,LOW
DP-0589,60.65,81.31,0.0,11.99,75.07,69.99,3,0,8.19,97.81,85.7,12,6.08,LOW
DP-0590,28.63,24.98,6.02,11.63,31.15,26.66,4,0,14.11,141.25,87.66,32,2.31,HIGH
DP-0591,46.79,24.35,16.08,1.4,69.53,58.32,5,1,6.2,195.79,82.85,45,2.39,HIGH
DP-0592,63.71,62.24,4.51,12.46,69.54,68.04,6,1,6.26,346.79,74.04,9,4.57,MEDIUM
DP-0593,54.66,79.57,4.12,9.12,58.56,46.1,4,1,5.03,239.61,78.06,21,5.35,MEDIUM
DP-0594,70.6,77.11,6.1,0.0,74.25,69.74,8,0,7.87,217.31,80.42,25,4.76,MEDIUM
DP-0595,11.13,20.99,0.0,8.76,13.11,37.52,6,1,6.68,122.94,89.68,22,2.89,MEDIUM
DP-0596,59.68,35.11,11.97,11.09,72.74,54.91,3,0,14.26,193.41,62.96,16,3.03,MEDIUM
DP-0597,63.1,68.03,11.1,2.99,51.93,81.34,4,0,12.3,216.0,76.81,41,6.37,LOW
DP-0598,68.92,84.43,6.59,1.74,61.64,71.61,1,0,9.81,233.09,81.3,51,5.95,LOW
DP-0599,78.22,74.52,0.98,0.0,74.31,96.17,0,0,6.6,315.43,100.0,6,6.12,LOW
DP-0600,49.78,45.2,0.0,1.89,60.19,51.8,4,2,0.0,244.81,90.9,28,4.3,MEDIUM
DP-0601,72.37,71.34,8.02,13.19,77.69,87.35,4,1,6.77,285.0,98.96,10,5.04,MEDIUM
DP-0602,47.55,45.98,7.22,3.6,58.35,59.6,2,0,5.12,145.31,89.39,14,2.95,LOW
DP-0603,45.57,47.96,10.84,9.86,42.05,23.09,2,0,1.31,124.98,91.15,37,3.68,MEDIUM
DP-0604,41.0,52.22,2.94,1.47,64.14,21.52,3,1,3.93,170.36,84.49,38,3.82,MEDIUM
DP-0605,63.03,82.55,4.19,14.14,62.6,53.11,7,0,2.98,243.19,87.29,25,5.03,MEDIUM
DP-0606,76.03,74.04,0.0,3.18,73.25,73.42,2,0,8.27,198.87,88.38,31,5.86,LOW
DP-0607,27.55,29.03,0.0,12.59,35.0,32.84,7,0,0.0,121.52,90.07,12,2.85,MEDIUM
DP-0608,56.05,55.5,0.0,6.7,64.43,46.67,4,1,6.28,172.49,88.69,29,5.31,MEDIUM
DP-0609,53.44,54.61,1.91,1.75,45.13,36.58,4,1,15.12,91.52,94.39,17,3.32,MEDIUM
DP-0610,28.29,35.19,6.61,9.81,28.27,37.5,5,3,7.2,107.35,75.26,56,3.32,HIGH
DP-0611,59.99,57.48,3.69,5.85,61.1,73.16,2,0,9.83,338.45,93.9,2,3.83,MEDIUM
DP-0612,78.95,80.15,0.0,0.32,73.34,84.15,1,1,9.65,252.28,88.14,75,5.95,LOW
DP-0613,50.67,55.74,11.56,5.1,41.75,32.21,5,1,17.57,204.25,74.0,18,4.91,MEDIUM
DP-0614,57.49,69.18,2.25,13.94,63.55,47.19,5,0,0.0,142.5,100.0,58,5.52,MEDIUM
DP-0615,56.0,68.37,1.97,7.25,50.46,72.56,4,0,2.05,168.68,76.38,6,4.5,LOW
DP-0616,64.82,67.15,1.85,1.67,63.95,44.19,5,0,9.18,214.71,77.57,47,4.87,MEDIUM
DP-0617,78.83,97.14,0.0,3.31,79.25,77.0,3,0,8.85,248.03,76.55,30,7.82,LOW
DP-0618,76.01,53.88,4.02,0.0,67.74,68.94,2,0,0.0,187.36,83.61,14,4.81,LOW
DP-0619,51.27,55.66,5.18,3.82,46.31,57.78,4,1,6.55,198.44,81.07,25,4.55,MEDIUM
DP-0620,26.69,23.95,6.81,12.5,34.68,41.2,4,0,5.04,251.08,80.57,69,2.33,MEDIUM
DP-0621,29.11,32.49,0.89,4.51,32.6,34.1,2,0,21.06,115.81,83.29,13,3.6,MEDIUM
DP-0622,38.35,40.29,5.45,12.12,47.59,49.91,7,2,15.13,253.9,78.99,16,4.28,HIGH
DP-0623,53.39,46.53,0.0,4.89,52.66,53.59,4,0,3.63,135.93,89.98,22,3.54,LOW
DP-0624,19.36,5.0,0.7,2.57,18.92,13.16,7,3,13.0,204.95,86.46,14,0.62,HIGH
DP-0625,39.56,29.76,6.7,1.82,31.64,32.55,5,0,10.19,177.97,85.77,44,2.85,MEDIUM
DP-0626,63.95,68.66,0.0,7.58,90.47,45.09,4,1,2.04,235.62,87.16,38,4.79,LOW
DP-0627,47.71,34.34,13.18,6.93,65.4,62.24,4,0,10.58,120.58,77.51,30,2.47,MEDIUM
DP-0628,60.1,58.85,9.13,0.0,68.15,77.37,4,1,17.08,225.56,86.3,23,4.3,MEDIUM
DP-0629,71.3,97.71,0.0,0.0,96.67,72.85,3,2,9.77,249.97,74.98,53,6.58,LOW
DP-0630,48.85,61.25,14.24,4.08,46.39,57.9,7,1,16.73,280.41,63.4,21,4.25,HIGH
DP-0631,50.44,65.01,2.01,5.16,31.46,56.8,5,0,0.0,270.65,85.93,30,4.65,LOW
DP-0632,63.92,71.78,6.63,8.46,75.38,58.55,3,1,0.34,233.38,84.41,5,4.56,MEDIUM
DP-0633,58.22,72.09,0.0,8.62,42.8,42.06,10,1,9.8,253.94,83.18,75,5.09,MEDIUM
DP-0634,71.16,76.05,0.0,0.21,47.78,67.11,6,0,14.33,183.43,87.5,10,5.2,MEDIUM
DP-0635,85.26,83.24,0.0,0.0,77.02,75.8,3,0,6.29,242.47,100.0,48,6.88,LOW
DP-0636,78.61,69.07,0.0,5.8,69.19,77.56,2,0,9.73,223.05,72.05,12,4.37,LOW
DP-0637,33.57,27.58,12.38,7.39,36.06,38.11,4,2,19.45,152.28,86.67,72,3.52,HIGH
DP-0638,13.04,6.12,9.54,18.78,17.86,19.02,3,1,23.58,162.65,97.19,11,1.2,HIGH
DP-0639,22.5,20.83,4.8,15.23,21.26,5.24,5,1,18.08,270.45,87.05,26,2.04,HIGH
DP-0640,44.81,51.44,0.0,4.32,44.34,53.97,0,0,9.72,259.94,88.32,7,5.01,MEDIUM
DP-0641,84.79,100.0,0.0,2.63,73.01,79.67,3,0,4.68,230.68,80.29,9,7.46,LOW
DP-0642,65.62,70.52,0.0,0.87,55.18,58.22,3,0,0.0,287.47,89.12,6,5.0,LOW
DP-0643,46.03,47.61,11.39,12.57,57.0,48.76,5,1,15.11,161.13,73.25,39,4.27,MEDIUM
DP-0644,33.32,49.44,0.0,18.16,28.14,10.88,7,3,10.72,253.94,76.06,30,4.25,HIGH
DP-0645,53.29,62.95,8.69,0.0,38.1,79.79,3,0,6.34,312.35,64.18,38,3.56,LOW
DP-0646,51.71,75.04,8.38,10.51,31.96,58.93,3,0,17.53,161.0,75.79,13,5.23,MEDIUM
DP-0647,76.02,68.59,0.0,0.0,82.89,78.74,2,0,8.54,263.94,87.92,7,4.42,LOW
DP-0648,81.01,91.98,3.56,2.59,100.0,86.01,2,0,4.82,147.2,87.29,11,6.24,LOW
DP-0649,19.56,22.95,9.71,0.09,10.25,17.85,3,1,21.03,139.08,79.8,24,2.54,HIGH
DP-0650,50.45,32.24,0.0,7.46,53.51,45.16,1,0,5.18,213.31,81.11,77,2.95,LOW
DP-0651,65.62,78.13,4.5,1.59,53.48,61.04,3,0,0.0,272.67,88.32,41,5.61,LOW
DP-0652,87.06,95.94,0.0,1.3,89.11,100.0,4,0,5.36,203.38,89.92,44,5.97,LOW
DP-0653,35.39,46.55,5.24,8.73,22.96,45.83,4,0,14.49,236.15,76.98,53,4.13,MEDIUM
DP-0654,47.03,48.8,17.32,0.59,58.09,38.38,2,0,14.21,329.15,82.8,53,2.74,MEDIUM
DP-0655,40.57,32.52,4.37,11.72,42.83,62.86,4,2,13.83,186.54,76.65,39,2.82,MEDIUM
DP-0656,45.03,49.92,10.35,23.45,30.2,53.91,7,1,17.43,187.83,67.09,29,3.17,MEDIUM
DP-0657,42.15,40.73,7.53,13.8,37.93,37.23,3,1,12.8,210.88,88.11,54,3.86,MEDIUM
DP-0658,37.46,49.68,0.0,10.49,41.65,43.9,3,0,3.95,88.5,86.91,35,4.0,LOW
DP-0659,51.98,44.74,16.22,3.34,75.21,22.5,4,2,25.16,260.1,79.33,21,2.49,HIGH
DP-0660,78.42,76.41,16.16,6.46,80.89,64.88,3,0,5.53,162.62,80.03,35,4.28,LOW
DP-0661,77.75,80.64,0.0,0.0,75.17,90.16,7,0,13.45,234.59,85.22,18,7.0,LOW
DP-0662,57.58,61.46,6.65,6.38,49.36,61.09,6,2,1.01,143.16,64.82,60,3.95,MEDIUM
DP-0663,88.22,94.38,0.07,13.44,66.51,72.55,2,0,1.54,196.46,82.61,35,6.41,LOW
DP-0664,32.23,34.63,8.94,7.89,39.34,17.91,3,0,8.07,338.93,92.03,44,2.83,MEDIUM
DP-0665,72.83,59.53,3.46,5.1,69.56,79.33,3,0,0.16,195.56,78.55,21,4.3,LOW
DP-0666,59.67,64.85,0.13,3.93,50.93,63.22,0,0,16.3,280.23,90.57,101,3.86,LOW
DP-0667,20.62,28.68,8.61,24.31,22.26,19.09,6,0,23.85,178.61,85.97,11,3.2,HIGH
DP-0668,81.06,73.06,0.0,6.66,95.41,69.84,2,0,7.99,226.63,75.75,21,5.59,LOW
DP-0669,55.49,48.94,2.58,4.63,64.7,37.68,4,0,12.7,290.94,83.81,23,3.76,MEDIUM
DP-0670,25.75,26.84,5.93,7.63,37.32,52.03,5,1,18.53,259.44,88.48,15,2.33,HIGH
DP-0671,44.84,45.78,3.04,15.66,42.58,65.25,6,1,13.94,402.41,93.08,22,4.11,MEDIUM
DP-0672,58.33,35.58,4.79,8.46,49.59,63.6,7,0,3.77,205.94,75.05,33,1.52,MEDIUM
DP-0673,46.89,26.53,7.88,0.0,49.93,44.25,2,0,15.77,312.2,84.6,32,3.79,MEDIUM
DP-0674,76.61,63.64,3.67,1.98,82.34,75.73,1,0,0.86,202.66,79.04,23,3.99,LOW
DP-0675,49.42,52.39,0.99,0.0,52.78,57.07,1,0,11.97,122.98,87.32,18,4.29,LOW
DP-0676,39.33,37.23,0.0,4.97,40.83,37.4,5,2,10.31,203.52,97.29,35,4.4,MEDIUM
DP-0677,79.03,75.04,12.24,1.5,91.23,66.33,1,0,5.01,80.0,92.56,14,4.53,LOW
DP-0678,66.48,67.73,2.97,8.73,56.82,79.75,0,0,2.05,80.0,87.06,23,5.8,LOW
DP-0679,79.7,97.74,5.87,10.36,75.39,51.87,1,0,5.81,176.54,82.51,31,5.6,LOW
DP-0680,22.54,31.44,4.78,0.0,5.0,10.4,6,0,13.29,325.44,88.12,17,3.17,MEDIUM
DP-0681,64.77,59.1,11.9,0.98,38.39,49.51,4,1,12.45,175.83,81.85,17,3.99,MEDIUM
DP-0682,59.4,54.38,0.0,9.62,50.91,69.36,6,1,10.81,263.02,88.44,34,5.54,HIGH
DP-0683,18.03,10.07,2.56,15.0,5.0,11.67,6,2,6.96,149.69,86.17,17,2.14,HIGH
DP-0684,81.29,73.63,0.0,0.49,89.61,83.07,1,0,1.97,172.08,84.99,17,5.8,LOW
DP-0685,52.77,54.81,9.18,2.35,76.69,53.76,5,1,10.65,110.45,81.7,24,4.21,MEDIUM
DP-0686,24.96,50.54,7.76,14.83,5.0,47.82,6,1,12.04,172.75,80.71,32,3.06,HIGH
DP-0687,23.89,12.83,14.37,2.61,20.13,15.26,8,1,16.16,255.54,85.64,12,1.53,HIGH
DP-0688,43.53,38.36,0.0,19.32,62.55,43.85,7,0,9.77,266.11,85.69,18,4.39,MEDIUM
DP-0689,61.2,71.85,0.0,2.81,65.98,73.48,6,1,15.44,159.87,89.02,21,6.03,MEDIUM
DP-0690,72.42,65.7,7.07,1.34,78.03,76.92,2,1,0.0,263.11,82.8,6,5.44,MEDIUM
DP-0691,63.46,69.87,1.39,10.98,80.89,70.38,4,0,5.28,132.4,85.67,32,5.45,LOW
DP-0692,80.67,89.73,11.88,0.0,81.53,83.08,3,0,12.15,242.34,87.53,13,5.75,LOW
DP-0693,52.37,56.14,8.9,6.24,52.11,51.62,4,1,6.21,185.07,95.84,6,3.67,HIGH
DP-0694,59.57,49.2,0.12,6.26,57.8,62.45,3,0,0.0,233.63,83.7,35,4.4,LOW
DP-0695,92.58,84.55,0.0,7.65,78.3,94.11,3,0,13.64,314.53,87.83,35,5.41,LOW
DP-0696,42.28,31.89,0.0,7.58,37.71,54.45,3,1,18.94,233.95,83.55,32,2.7,MEDIUM
DP-0697,15.09,5.16,11.27,3.96,24.63,20.45,6,3,15.41,139.65,76.02,28,2.22,HIGH
DP-0698,68.71,63.81,0.85,14.24,73.12,61.14,1,0,2.42,131.72,86.73,31,5.47,LOW
DP-0699,79.17,60.99,0.0,0.0,86.62,93.11,5,0,6.5,205.7,90.44,62,5.36,LOW
DP-0700,40.48,23.03,7.15,7.39,31.32,57.39,6,0,5.61,285.52,97.51,23,1.82,HIGH
DP-0701,67.19,39.63,0.0,7.5,63.06,41.86,4,0,16.04,80.0,83.78,35,2.45,MEDIUM
DP-0702,64.74,58.77,6.55,7.31,63.12,60.03,3,0,3.64,80.0,87.29,26,4.07,LOW
DP-0703,50.86,47.74,0.0,8.22,49.18,62.01,5,1,19.4,281.04,80.88,7,3.45,HIGH
DP-0704,74.05,73.05,13.17,0.0,71.74,76.43,4,1,9.54,161.25,70.42,27,3.96,MEDIUM
DP-0705,67.9,69.01,6.24,6.21,43.41,74.5,1,0,14.37,213.5,92.73,31,5.61,LOW
DP-0706,56.36,55.15,9.54,5.69,60.64,59.98,3,0,21.87,260.66,85.3,61,3.49,MEDIUM
DP-0707,75.65,65.27,0.54,0.0,63.99,78.1,3,0,8.1,198.9,70.88,12,5.24,LOW
DP-0708,72.73,76.68,4.74,0.0,73.22,61.73,5,0,5.95,257.07,82.58,41,5.11,LOW
DP-0709,88.25,93.55,2.64,1.1,84.49,100.0,3,0,4.81,80.0,71.67,52,8.0,LOW
DP-0710,55.76,51.24,4.13,8.53,44.62,47.9,3,0,1.58,165.74,94.25,43,4.75,LOW
DP-0711,20.82,26.28,9.99,0.0,5.49,0.0,6,1,9.82,158.77,78.77,7,2.88,HIGH
DP-0712,53.02,62.57,11.95,1.24,51.53,48.78,4,1,9.38,199.84,95.42,54,6.14,MEDIUM
DP-0713,60.72,70.69,0.0,5.08,53.8,48.18,3,0,9.96,96.83,88.36,23,4.95,LOW
DP-0714,33.99,5.17,12.15,16.13,36.12,24.71,4,1,17.78,314.58,81.62,15,1.16,HIGH
DP-0715,54.02,49.22,4.05,8.04,50.47,53.86,5,1,11.92,303.36,78.46,48,5.36,MEDIUM
DP-0716,60.07,65.65,8.25,14.68,53.97,44.4,2,1,26.39,197.67,87.68,29,4.66,MEDIUM
DP-0717,85.23,100.0,0.0,0.0,53.0,100.0,6,0,5.9,140.8,86.43,7,7.24,LOW
DP-0718,59.94,82.53,0.0,5.1,26.43,67.16,3,0,4.68,226.05,88.68,23,5.76,LOW
DP-0719,81.41,86.33,0.0,0.0,61.77,92.76,6,0,16.03,150.88,82.45,20,5.53,LOW
DP-0720,66.17,74.08,0.0,0.0,65.19,52.1,4,1,9.31,154.74,75.93,27,6.68,LOW
DP-0721,97.74,100.0,0.0,0.43,89.62,100.0,5,0,0.0,140.68,87.41,25,7.11,LOW
DP-0722,48.23,49.73,10.06,7.44,25.51,34.06,2,0,10.49,109.63,86.96,16,4.14,MEDIUM
DP-0723,36.19,41.98,7.23,11.02,37.71,36.21,1,0,15.59,250.78,75.31,24,4.64,MEDIUM
DP-0724,51.01,35.74,0.0,4.12,51.68,30.49,4,0,4.95,155.08,86.24,9,3.39,MEDIUM
DP-0725,83.51,91.31,2.55,7.03,78.31,89.32,4,0,2.25,226.56,84.89,78,6.11,LOW
DP-0726,79.52,78.91,0.0,0.0,84.03,100.0,4,0,9.52,270.56,95.53,58,6.32,LOW
DP-0727,50.86,40.27,0.0,5.26,63.1,43.91,1,1,16.2,212.28,86.97,27,2.91,MEDIUM
DP-0728,64.92,83.94,0.0,2.99,66.14,63.94,6,2,4.96,129.51,77.59,22,6.1,MEDIUM
DP-0729,29.03,27.6,7.93,14.93,42.63,35.28,7,1,15.37,178.43,80.75,28,2.54,HIGH
DP-0730,21.27,29.44,3.34,7.73,40.48,20.36,4,1,7.43,322.99,87.01,62,2.6,MEDIUM
DP-0731,76.28,83.73,6.16,7.74,77.08,64.85,3,0,1.63,215.25,86.85,28,5.87,LOW
DP-0732,67.88,68.04,1.06,10.44,89.5,59.3,3,0,14.62,136.23,91.1,33,4.44,LOW
DP-0733,33.77,32.44,5.35,1.29,26.59,66.1,1,0,8.27,168.01,84.56,31,1.99,LOW
DP-0734,25.76,14.57,9.4,1.41,37.39,30.07,3,1,15.68,290.87,88.12,40,1.06,HIGH
DP-0735,62.56,64.06,7.87,5.88,78.55,62.81,4,1,7.41,80.0,87.41,22,5.35,LOW
DP-0736,93.89,88.16,1.68,7.94,89.06,100.0,4,0,12.04,207.72,93.19,12,4.85,LOW
DP-0737,77.62,67.5,0.0,0.0,93.56,49.92,1,0,14.91,238.44,95.92,21,6.23,LOW
DP-0738,58.25,48.6,2.22,4.12,59.92,56.48,5,1,0.96,191.35,81.09,72,3.87,LOW
DP-0739,16.27,26.97,12.82,4.35,22.0,10.06,5,1,14.18,297.22,82.04,35,3.5,HIGH
DP-0740,84.62,84.39,0.0,7.16,80.08,100.0,4,0,1.05,211.92,81.44,15,5.44,LOW
DP-0741,32.97,43.26,6.81,5.05,41.39,33.55,5,0,14.63,207.3,76.23,13,4.13,HIGH
DP-0742,43.49,54.41,0.0,18.33,50.6,59.12,4,1,18.53,251.22,83.32,15,4.76,MEDIUM
DP-0743,56.08,87.99,4.84,0.38,32.25,54.7,3,2,14.02,272.54,89.06,82,5.89,MEDIUM
DP-0744,44.56,49.99,8.32,12.65,21.4,57.73,2,1,15.84,257.31,85.64,42,4.24,MEDIUM
DP-0745,95.48,89.16,0.0,0.0,71.3,100.0,3,0,8.9,213.68,88.43,81,6.46,LOW
DP-0746,23.87,34.36,5.46,7.49,27.23,5.99,6,1,4.7,225.8,85.33,31,3.17,MEDIUM
DP-0747,65.46,65.28,5.18,13.16,74.14,41.96,3,1,13.52,147.15,84.53,15,4.57,MEDIUM
DP-0748,85.9,75.1,0.0,1.43,78.74,92.09,1,0,0.3,197.6,79.99,56,6.61,LOW
DP-0749,68.33,79.16,8.99,6.32,53.58,83.51,2,0,0.29,230.94,80.65,15,4.87,LOW
DP-0750,63.05,57.02,11.03,7.65,60.73,73.6,2,0,22.23,159.99,86.02,23,4.53,MEDIUM
DP-0751,57.46,54.88,0.0,5.53,52.29,59.54,5,0,10.24,167.17,81.51,15,4.89,MEDIUM
DP-0752,90.31,74.55,3.76,6.04,100.0,90.7,2,0,2.71,122.43,91.4,17,5.73,LOW
DP-0753,57.63,47.58,15.41,13.76,61.32,87.36,9,2,9.15,131.11,86.35,25,2.9,HIGH
DP-0754,36.24,36.57,7.84,15.99,35.68,42.85,6,1,7.77,221.75,95.68,37,3.29,MEDIUM
DP-0755,39.34,48.3,0.0,9.49,17.66,27.89,9,1,11.31,191.85,85.02,6,5.18,MEDIUM
DP-0756,71.41,88.11,0.0,0.15,83.5,90.4,8,0,2.01,188.72,75.36,27,5.68,LOW
DP-0757,52.4,45.26,3.26,9.94,47.26,40.63,1,0,7.84,103.44,68.9,25,3.65,MEDIUM
DP-0758,52.49,49.71,10.28,9.29,46.22,53.54,4,0,8.72,220.38,97.11,30,3.47,MEDIUM
DP-0759,62.68,66.2,6.31,5.26,57.56,51.68,7,1,8.95,231.47,82.92,32,4.35,MEDIUM
DP-0760,80.9,69.53,1.92,8.68,76.92,71.26,1,0,0.0,373.87,77.32,20,4.45,LOW
DP-0761,81.67,76.98,0.0,0.0,86.77,66.54,0,0,5.88,373.82,84.22,19,5.87,LOW
DP-0762,83.28,72.68,0.0,16.71,88.03,65.77,7,0,9.42,229.53,87.05,28,4.42,LOW
DP-0763,31.71,32.51,12.47,8.76,31.32,41.09,3,0,15.42,216.12,92.57,7,1.97,MEDIUM
DP-0764,51.55,62.15,10.68,19.03,54.96,47.92,4,1,11.41,117.0,78.7,60,4.22,MEDIUM
DP-0765,63.78,73.25,0.0,1.02,67.54,87.55,7,2,17.53,256.98,72.06,14,4.57,MEDIUM
DP-0766,57.25,65.38,0.87,2.1,54.91,80.49,1,0,16.04,168.42,78.47,18,5.55,LOW
DP-0767,53.76,64.37,0.0,4.79,55.83,66.88,3,0,2.45,226.54,82.49,36,4.82,LOW
DP-0768,60.3,69.5,0.0,1.94,51.01,69.15,4,0,15.33,149.75,73.22,32,4.82,LOW
DP-0769,41.33,49.12,10.59,2.19,66.16,35.43,1,0,15.24,226.24,90.95,22,2.94,MEDIUM
DP-0770,52.36,62.93,4.54,25.95,46.32,77.02,3,1,13.78,118.31,77.83,51,4.64,MEDIUM
DP-0771,49.96,47.01,9.27,13.82,59.96,48.87,5,0,9.78,280.48,79.3,14,3.79,HIGH
DP-0772,60.25,66.63,1.68,7.08,47.81,78.33,1,0,6.09,328.98,87.16,22,6.09,LOW
DP-0773,63.72,50.53,7.97,6.24,62.81,67.75,1,0,17.14,228.17,75.47,26,3.4,LOW
DP-0774,63.85,67.15,2.33,0.0,54.44,36.61,5,0,0.0,195.28,93.79,20,5.17,LOW
DP-0775,63.08,65.7,13.29,5.88,73.96,73.32,5,0,18.81,136.27,86.38,18,3.76,MEDIUM
DP-0776,49.35,56.18,0.0,6.37,65.56,34.2,3,0,12.83,114.63,83.49,26,4.56,LOW
DP-0777,65.07,68.15,10.18,9.39,55.97,69.87,6,0,9.58,124.55,87.73,16,4.22,MEDIUM
DP-0778,73.22,69.31,4.42,2.19,83.91,83.23,3,0,8.87,171.84,82.42,36,4.47,LOW
DP-0779,69.9,73.87,0.0,0.0,57.29,88.92,1,0,7.0,203.27,81.53,9,5.98,LOW
DP-0780,79.38,86.3,0.0,0.0,73.35,82.67,7,0,2.57,196.95,92.33,30,6.27,LOW
DP-0781,42.07,54.52,2.04,13.07,37.61,59.97,7,0,11.5,257.53,88.56,35,5.23,LOW
DP-0782,59.29,45.84,0.42,11.76,64.61,72.85,2,1,4.18,232.05,79.85,32,3.19,MEDIUM
DP-0783,79.92,69.23,1.18,0.0,89.26,82.7,4,0,0.61,179.0,85.48,21,5.05,LOW
DP-0784,78.1,81.11,6.43,4.81,83.69,90.81,3,0,9.19,173.77,81.67,48,5.12,LOW
DP-0785,78.64,77.24,1.94,0.9,81.87,87.56,3,1,10.07,202.21,94.77,29,6.29,LOW
DP-0786,29.2,34.51,6.71,0.0,25.52,22.3,5,3,9.6,213.03,84.97,60,2.99,MEDIUM
DP-0787,42.68,44.42,6.86,6.84,53.5,33.22,6,0,11.05,164.2,88.18,29,4.86,HIGH
DP-0788,63.08,67.35,1.9,5.73,56.17,70.9,2,1,6.96,269.67,94.9,22,5.28,LOW
DP-0789,83.54,86.28,3.89,5.33,77.87,82.02,2,0,7.06,264.74,74.87,21,6.51,LOW
DP-0790,96.14,88.38,0.03,0.0,79.22,87.1,1,0,3.9,216.93,82.98,24,6.36,LOW
DP-0791,40.14,47.17,11.12,4.06,33.71,43.3,3,0,12.38,306.24,74.53,31,4.22,MEDIUM
DP-0792,49.4,62.98,0.0,8.55,52.91,49.09,6,0,14.29,332.86,77.82,13,5.34,MEDIUM
DP-0793,54.52,73.09,7.21,1.04,71.15,41.05,3,0,9.13,209.93,90.02,29,4.53,LOW
DP-0794,70.31,51.36,0.0,7.81,57.85,70.0,2,0,4.81,158.79,80.53,28,3.14,LOW
DP-0795,22.17,22.45,0.98,5.19,18.23,2.47,8,0,15.5,229.28,89.98,10,3.52,MEDIUM
DP-0796,22.68,22.4,7.02,16.81,5.0,49.53,5,1,6.79,258.06,78.19,38,3.58,HIGH
DP-0797,70.2,76.11,7.11,4.16,71.24,75.34,2,0,3.68,203.92,84.0,90,4.1,LOW
DP-0798,86.66,95.87,0.0,1.11,81.07,82.22,2,0,1.03,99.2,87.0,22,6.17,LOW
DP-0799,70.65,53.33,0.0,0.0,61.4,67.43,1,0,9.3,281.78,83.64,9,5.09,LOW
DP-0800,45.5,47.14,0.69,14.45,74.16,43.03,3,0,11.22,127.19,71.71,26,4.22,MEDIUM
DP-0801,52.66,54.95,0.0,9.78,33.14,29.74,1,0,1.39,179.11,89.82,82,5.47,LOW
DP-0802,12.06,24.51,1.58,0.0,5.02,22.74,7,2,7.46,223.63,74.29,31,3.06,HIGH
DP-0803,70.86,70.55,4.21,0.0,66.56,61.3,4,0,4.69,143.46,77.84,40,5.48,LOW
DP-0804,32.45,13.64,4.21,3.87,32.63,35.65,3,0,11.51,228.03,90.93,42,1.67,LOW
DP-0805,68.8,72.92,0.0,11.6,63.37,85.43,3,0,8.59,125.23,85.64,24,5.76,LOW
DP-0806,67.41,79.27,1.73,10.29,57.66,67.45,2,1,13.57,219.47,83.58,29,6.32,LOW
DP-0807,58.25,48.63,0.82,0.0,79.6,55.34,4,1,11.91,216.4,86.64,12,4.59,MEDIUM
DP-0808,30.09,5.0,8.43,0.0,43.34,37.39,3,2,12.45,232.57,73.25,58,0.38,HIGH
DP-0809,23.97,24.85,0.0,1.55,20.33,34.79,7,2,6.12,217.83,81.61,41,1.77,HIGH
DP-0810,33.12,47.69,5.97,13.83,43.94,17.76,5,1,19.02,120.45,89.74,27,4.04,MEDIUM
DP-0811,52.7,68.4,0.0,0.0,59.05,31.69,5,1,7.41,226.1,85.41,11,4.8,MEDIUM
DP-0812,48.42,39.04,14.83,13.59,23.12,48.9,3,0,19.92,220.51,83.95,31,2.82,MEDIUM
DP-0813,74.77,92.79,0.68,0.54,56.8,85.65,2,0,9.14,277.67,90.53,38,6.4,LOW
DP-0814,70.1,76.29,3.77,0.0,77.38,82.4,5,0,5.38,103.69,78.24,41,4.77,LOW
DP-0815,11.96,21.61,12.82,14.42,36.22,30.27,9,0,18.58,90.23,76.37,7,2.46,HIGH
DP-0816,38.92,42.09,3.08,5.92,20.31,43.13,5,2,17.37,218.01,91.15,42,4.81,MEDIUM
DP-0817,60.31,43.93,11.79,9.95,73.27,60.37,3,0,9.06,151.43,83.56,16,2.78,LOW
DP-0818,51.14,72.87,0.0,2.86,46.79,56.91,7,2,2.24,285.95,85.47,59,6.8,LOW
DP-0819,51.74,50.41,5.67,0.0,80.71,69.09,4,0,10.45,237.64,86.89,28,3.45,LOW
DP-0820,84.24,75.96,0.0,0.0,84.87,80.4,4,0,14.25,309.25,86.23,18,4.55,LOW
DP-0821,50.68,61.0,9.76,11.94,38.51,14.44,3,1,22.67,92.54,69.11,17,3.47,MEDIUM
DP-0822,64.06,53.43,1.45,10.49,57.86,99.96,3,0,0.0,217.61,87.81,12,5.37,LOW
DP-0823,65.54,68.31,5.92,1.22,71.03,77.52,4,0,17.94,187.77,92.77,36,4.78,LOW
DP-0824,44.69,31.15,0.0,11.48,58.67,68.56,4,1,6.41,144.05,83.24,24,1.65,MEDIUM
DP-0825,31.24,36.24,6.11,10.21,48.98,35.91,4,2,18.5,376.27,89.26,25,3.15,HIGH
DP-0826,55.33,36.68,4.53,0.02,47.42,61.19,6,1,7.74,177.03,81.09,18,4.55,MEDIUM
DP-0827,48.91,50.72,3.58,8.81,40.77,41.98,7,2,7.42,208.43,72.74,25,4.68,HIGH
DP-0828,32.88,35.06,1.76,4.83,39.27,38.4,6,0,7.02,275.93,88.32,16,3.54,MEDIUM
DP-0829,86.4,80.82,0.0,4.26,88.86,72.58,5,0,0.0,206.23,94.2,14,5.69,LOW
DP-0830,87.94,97.04,0.07,9.45,100.0,78.84,2,0,2.83,161.24,89.29,45,7.64,LOW
DP-0831,32.17,56.45,9.07,8.42,16.73,30.21,4,1,16.19,337.64,81.52,60,2.36,HIGH
DP-0832,42.31,55.47,0.0,0.0,39.04,31.05,8,2,18.27,258.18,80.13,28,4.17,HIGH
DP-0833,41.65,54.78,7.4,10.95,49.88,42.09,2,0,20.47,266.27,84.31,20,4.66,MEDIUM
DP-0834,68.91,88.41,13.45,1.54,77.45,57.6,4,0,13.7,237.64,79.47,41,6.71,MEDIUM
DP-0835,39.11,46.64,0.0,0.0,45.37,31.36,8,0,4.43,147.69,81.23,37,2.85,MEDIUM
DP-0836,41.47,37.35,11.43,3.76,44.29,25.85,6,1,15.41,179.36,85.15,60,3.4,HIGH
DP-0837,78.5,78.86,0.0,11.74,58.99,81.72,2,0,3.92,139.29,77.77,25,5.35,LOW
DP-0838,53.1,44.91,2.59,5.43,36.28,40.8,4,0,15.3,310.41,82.22,8,4.06,MEDIUM
DP-0839,49.56,50.54,0.0,12.35,44.73,77.44,4,1,17.93,249.36,61.57,28,4.98,MEDIUM
DP-0840,95.71,93.65,0.46,0.0,88.86,100.0,2,0,9.02,186.89,92.26,33,6.64,LOW
DP-0841,53.96,52.43,0.0,16.39,35.27,69.06,6,0,4.35,213.74,83.68,36,6.22,LOW
DP-0842,64.35,56.14,20.98,12.85,43.13,63.37,3,0,10.82,104.5,72.64,23,3.76,MEDIUM
DP-0843,52.42,46.97,2.01,0.0,60.86,46.09,7,1,6.77,159.53,85.09,36,4.44,MEDIUM
DP-0844,87.9,97.64,4.45,0.0,76.35,95.6,3,0,2.59,109.52,69.38,36,7.18,LOW
DP-0845,69.26,73.28,0.0,6.45,54.69,82.49,8,1,10.39,217.79,83.13,41,4.88,MEDIUM
DP-0846,39.35,57.44,6.48,3.42,22.9,72.89,4,1,12.98,317.68,79.48,28,4.67,MEDIUM
DP-0847,41.84,42.06,10.71,4.85,5.26,61.55,5,2,12.21,80.0,83.0,23,3.4,HIGH
DP-0848,68.77,73.82,0.0,16.2,56.25,32.51,6,0,5.31,224.77,76.83,34,6.54,LOW
DP-0849,83.8,100.0,4.62,0.74,78.0,71.48,2,0,0.0,178.23,69.57,30,6.49,LOW
DP-0850,58.11,56.42,7.82,0.0,41.95,62.99,7,1,14.94,200.51,78.07,59,4.13,HIGH
DP-0851,70.83,61.15,0.0,7.29,87.94,45.26,4,0,2.23,181.51,94.67,66,4.95,LOW
DP-0852,29.2,69.76,6.61,0.0,36.35,44.42,3,0,14.23,270.19,70.78,52,5.27,MEDIUM
DP-0853,23.52,22.79,8.56,13.82,28.61,39.51,7,1,17.91,246.01,72.56,26,4.16,HIGH
DP-0854,48.34,31.3,14.75,18.19,43.59,51.91,5,2,0.0,272.27,80.58,43,3.27,HIGH
DP-0855,26.81,19.69,0.0,6.85,40.74,30.13,6,2,2.36,119.02,83.79,47,2.4,HIGH
DP-0856,44.9,55.59,5.66,6.93,65.56,43.83,5,0,8.34,237.31,80.82,46,3.65,MEDIUM
DP-0857,50.73,41.79,4.24,6.47,52.63,72.2,4,0,7.94,239.69,78.01,48,3.38,MEDIUM
DP-0858,34.48,45.22,10.83,7.79,37.46,34.97,5,2,13.79,336.22,74.02,10,4.08,HIGH
DP-0859,38.76,50.96,11.9,9.15,45.27,42.0,3,0,14.91,332.62,78.12,31,3.41,MEDIUM
DP-0860,59.93,50.32,0.0,4.05,41.44,54.73,5,0,8.64,327.44,77.87,51,4.76,LOW
DP-0861,66.01,52.53,0.0,9.76,86.66,51.64,3,0,9.43,195.71,86.38,44,4.04,LOW
DP-0862,61.62,58.25,2.9,4.92,22.81,52.45,3,0,2.94,217.93,82.68,16,3.46,MEDIUM
DP-0863,47.04,42.41,1.16,10.6,52.04,33.67,2,0,7.12,154.39,77.9,42,2.99,MEDIUM
DP-0864,62.1,67.57,3.71,0.0,52.99,50.99,3,0,2.84,152.83,83.75,76,5.85,LOW
DP-0865,60.7,63.5,8.54,3.35,36.58,40.56,5,0,4.09,202.72,80.19,29,5.14,MEDIUM
DP-0866,31.67,25.11,5.61,4.42,53.5,47.1,4,0,15.35,178.96,78.68,34,2.87,MEDIUM
DP-0867,24.13,22.38,8.4,6.05,38.9,17.83,7,1,11.73,175.96,84.75,32,3.04,HIGH
DP-0868,83.83,81.38,0.0,0.0,50.25,85.12,3,0,0.0,277.91,78.57,8,5.36,LOW
DP-0869,21.05,29.94,4.83,7.81,33.89,37.35,4,0,9.6,203.65,81.13,28,2.21,MEDIUM
DP-0870,5.0,5.0,12.8,6.94,5.0,5.5,6,1,12.09,239.38,85.05,9,1.79,HIGH
DP-0871,53.59,58.15,2.46,0.0,78.95,39.73,5,1,6.23,168.52,74.98,31,5.05,MEDIUM
DP-0872,42.09,49.95,0.17,3.34,34.97,23.85,3,0,0.76,259.69,89.82,60,3.25,MEDIUM
DP-0873,54.46,45.81,0.0,14.57,58.9,73.61,5,0,14.25,226.03,84.39,16,3.59,MEDIUM
DP-0874,59.62,37.66,5.61,4.62,61.08,73.28,3,0,12.09,148.04,91.76,22,2.73,LOW
DP-0875,49.59,46.69,6.45,9.53,42.53,55.37,2,0,9.43,80.0,85.07,3,4.03,MEDIUM
DP-0876,84.16,77.01,2.03,0.0,85.79,67.92,5,0,13.6,91.0,95.66,64,5.45,LOW
DP-0877,31.43,36.54,0.09,2.62,20.57,25.39,3,0,13.69,256.96,86.79,28,3.97,MEDIUM
DP-0878,51.73,64.79,14.63,7.51,29.98,59.89,3,0,3.16,228.68,95.84,23,3.94,MEDIUM
DP-0879,89.36,75.7,3.57,0.0,94.79,95.93,0,0,0.0,120.58,88.71,38,5.48,LOW
DP-0880,35.06,38.89,1.46,20.96,38.69,45.21,6,0,13.21,220.46,85.15,18,3.7,MEDIUM
DP-0881,57.6,34.44,0.0,5.53,60.4,86.02,7,0,12.86,228.14,82.75,30,2.69,MEDIUM
DP-0882,53.57,40.76,15.12,13.21,46.96,48.61,4,0,8.86,80.0,79.98,40,3.68,MEDIUM
DP-0883,64.36,54.01,8.02,15.73,64.22,36.82,5,1,17.45,229.45,77.65,51,4.59,MEDIUM
DP-0884,70.91,63.51,0.0,0.0,41.21,84.49,2,1,11.67,125.07,76.98,7,4.69,MEDIUM
DP-0885,53.73,62.33,0.2,7.37,60.15,64.7,3,0,16.18,285.11,78.89,25,6.53,LOW
DP-0886,58.65,56.89,0.17,0.36,68.45,70.81,1,0,2.17,282.9,85.44,8,5.61,LOW
DP-0887,84.8,99.34,6.67,0.0,82.9,100.0,3,0,12.49,193.46,95.08,21,6.13,LOW
DP-0888,74.75,85.92,0.0,4.86,64.31,80.46,5,0,14.41,205.01,94.74,46,6.36,LOW
DP-0889,59.0,64.54,0.0,8.94,62.4,50.39,4,1,0.0,80.0,92.18,29,4.8,LOW
DP-0890,58.41,66.33,7.36,0.54,92.13,55.43,7,3,2.21,138.54,73.16,22,4.36,HIGH
DP-0891,48.46,37.86,4.84,0.0,34.93,50.45,7,0,12.61,177.05,84.15,34,3.75,MEDIUM
DP-0892,56.49,35.12,4.64,2.79,60.13,63.37,2,0,20.03,276.76,86.72,21,4.02,MEDIUM
DP-0893,69.77,83.63,4.48,6.96,73.35,33.93,3,0,14.53,149.53,74.48,31,7.0,LOW
DP-0894,71.79,90.03,7.45,0.55,86.46,63.44,3,0,13.42,211.0,71.79,48,6.05,MEDIUM
DP-0895,52.7,53.93,5.16,9.18,44.32,54.42,4,1,10.57,276.96,83.2,71,3.97,MEDIUM
DP-0896,82.28,65.18,2.49,4.87,68.71,86.24,1,0,5.3,206.37,94.66,38,4.86,LOW
DP-0897,92.26,91.47,0.0,7.82,84.78,100.0,2,0,7.63,108.48,86.58,21,7.13,LOW
DP-0898,24.31,19.73,6.85,0.23,11.21,12.9,5,0,0.0,231.13,85.52,20,2.46,MEDIUM
DP-0899,73.77,57.46,0.0,12.41,80.3,65.7,2,0,8.91,229.29,72.3,9,5.0,LOW
DP-0900,25.78,13.65,3.81,14.9,14.22,19.03,9,2,17.62,180.73,85.09,40,2.14,HIGH
DP-0901,49.58,38.57,2.12,5.14,50.58,65.32,1,1,9.6,124.89,79.7,14,3.55,MEDIUM
DP-0902,56.17,59.61,0.0,1.31,81.51,33.16,4,0,18.45,250.68,100.0,15,3.7,MEDIUM
DP-0903,80.03,94.36,4.8,0.0,71.97,81.28,2,0,10.46,201.57,72.79,53,7.08,LOW
DP-0904,77.99,87.38,5.92,5.79,68.83,64.06,5,1,16.72,269.02,79.66,27,6.95,LOW
DP-0905,38.48,38.1,4.82,0.0,24.32,36.94,4,0,6.44,320.21,90.06,17,3.99,MEDIUM
DP-0906,26.93,37.39,8.76,8.01,44.52,28.57,7,0,2.18,80.0,89.54,55,2.72,MEDIUM
DP-0907,77.49,91.64,11.03,5.2,80.8,74.42,2,0,10.55,250.61,92.86,11,6.51,LOW
DP-0908,53.56,33.06,4.39,8.78,40.84,45.85,1,0,4.83,92.54,85.51,43,3.68,LOW
DP-0909,89.56,100.0,3.02,0.0,86.85,75.3,0,0,5.58,162.05,87.47,16,7.72,LOW
DP-0910,43.38,59.77,11.76,3.22,44.09,42.63,3,1,0.81,174.01,78.79,52,3.68,MEDIUM
DP-0911,75.01,71.71,0.75,0.0,70.23,51.8,6,1,11.46,87.58,97.73,49,5.96,LOW
DP-0912,57.02,61.62,0.0,7.35,75.18,56.34,5,0,11.71,206.66,89.28,14,5.33,LOW
DP-0913,68.63,74.77,9.33,5.44,70.17,82.05,2,0,6.4,159.64,88.65,50,5.81,LOW
DP-0914,36.91,42.24,5.31,0.0,66.85,40.43,2,1,9.4,239.14,86.21,20,3.49,MEDIUM
DP-0915,64.93,52.09,5.45,12.91,66.79,80.02,3,0,4.82,154.46,68.93,41,4.24,LOW
DP-0916,71.14,56.44,4.3,11.82,83.2,97.08,4,0,13.68,114.93,73.4,36,4.86,MEDIUM
DP-0917,76.65,69.57,10.0,6.61,77.11,83.02,5,2,2.12,131.38,73.37,27,4.85,MEDIUM
DP-0918,69.87,70.3,11.83,0.0,81.1,64.86,4,2,17.06,80.0,72.57,26,4.74,MEDIUM
DP-0919,59.08,49.77,0.73,0.0,16.78,54.9,7,0,3.8,151.7,89.26,14,4.63,MEDIUM
DP-0920,59.2,71.03,1.53,12.26,69.63,65.84,5,0,9.64,294.82,81.42,18,6.13,MEDIUM
DP-0921,89.59,98.91,2.99,11.06,100.0,85.89,1,0,3.94,264.53,89.19,28,7.94,LOW
DP-0922,63.11,54.8,3.19,0.0,53.91,67.84,2,1,3.4,192.12,92.25,31,4.24,LOW
DP-0923,68.56,74.06,6.45,6.57,67.71,60.2,2,0,17.13,256.97,76.79,11,4.73,LOW
DP-0924,26.22,21.47,8.37,17.43,21.1,9.41,6,1,13.84,290.33,70.83,37,3.42,HIGH
DP-0925,74.46,81.39,2.51,8.49,56.38,66.66,3,0,0.0,228.7,79.13,32,6.54,LOW
DP-0926,58.61,66.84,0.0,8.38,66.57,80.99,7,0,8.35,260.56,75.34,36,5.9,LOW
DP-0927,73.42,69.23,2.92,0.0,87.66,48.07,3,0,6.13,180.23,97.44,33,5.18,LOW
DP-0928,56.38,52.79,2.91,11.84,58.7,60.3,7,1,12.46,167.24,75.13,21,4.18,MEDIUM
DP-0929,54.79,56.75,3.46,12.72,50.1,48.5,5,1,10.96,235.02,74.53,16,4.41,MEDIUM
DP-0930,85.48,97.82,0.0,6.43,96.9,100.0,1,0,9.74,227.75,84.86,32,6.35,LOW
DP-0931,79.3,79.84,0.43,4.56,75.55,69.8,5,1,5.39,139.35,78.61,35,6.07,LOW
DP-0932,62.91,73.71,0.0,0.0,82.7,72.43,1,0,10.18,241.19,93.23,57,5.83,LOW
DP-0933,44.89,51.15,9.63,5.4,68.73,54.64,3,0,0.0,212.57,73.8,18,3.81,LOW
DP-0934,87.36,58.71,4.65,0.0,97.01,99.45,1,0,9.4,142.49,82.5,42,3.31,LOW
DP-0935,60.83,68.12,6.39,0.0,70.99,60.96,1,0,4.55,291.38,82.06,35,3.39,MEDIUM
DP-0936,44.59,34.8,3.14,3.7,62.25,20.07,7,2,17.39,226.34,83.3,58,3.27,HIGH
DP-0937,72.96,72.53,2.23,11.71,74.74,93.64,4,1,0.0,156.25,90.23,20,5.13,LOW
DP-0938,65.04,69.22,0.0,6.28,66.66,76.25,6,0,9.02,80.0,84.53,77,5.34,LOW
DP-0939,59.57,67.5,8.91,7.12,51.47,49.46,4,0,14.58,191.49,81.36,23,4.28,LOW
DP-0940,41.72,28.68,4.34,7.73,32.97,31.55,3,0,9.16,190.77,84.54,38,2.91,MEDIUM
DP-0941,30.83,33.88,7.31,8.58,11.62,13.37,9,0,6.86,160.99,79.75,21,2.99,HIGH
DP-0942,61.54,71.33,0.48,3.73,56.97,69.06,3,1,12.98,341.37,80.23,35,5.34,MEDIUM
DP-0943,28.89,16.98,4.97,2.15,38.6,30.8,6,0,22.14,230.9,83.38,25,2.47,MEDIUM
DP-0944,90.84,85.96,1.07,2.98,89.19,100.0,0,0,3.68,147.8,93.32,16,6.23,LOW
DP-0945,93.21,97.96,6.95,2.5,100.0,85.45,3,0,1.37,118.41,97.55,22,6.33,LOW
DP-0946,21.02,34.12,7.76,7.3,5.0,8.53,5,2,18.64,219.8,80.18,38,3.63,HIGH
DP-0947,76.28,71.35,0.0,0.0,89.76,68.32,6,2,4.88,145.18,84.25,52,6.5,MEDIUM
DP-0948,30.27,45.01,11.23,18.94,29.47,34.96,6,0,22.56,304.94,77.82,11,4.43,MEDIUM
DP-0949,42.63,27.92,12.95,4.96,35.74,42.14,8,1,10.37,201.16,93.19,35,2.19,HIGH
DP-0950,68.17,81.55,0.0,4.75,89.81,84.68,1,0,7.74,194.45,80.33,27,7.34,LOW
DP-0951,61.78,59.54,0.69,8.31,50.34,61.81,3,0,10.54,284.21,88.02,21,4.37,LOW
DP-0952,19.9,23.62,4.85,11.48,27.61,2.95,7,1,6.95,281.76,79.1,11,3.24,HIGH
DP-0953,46.14,31.78,12.68,7.59,51.22,52.37,7,1,16.09,146.78,92.58,46,2.75,MEDIUM
DP-0954,68.0,93.81,0.16,6.78,69.87,59.07,1,0,3.43,193.66,94.05,35,5.36,LOW
DP-0955,59.69,36.44,15.52,10.97,55.63,62.23,2,0,9.31,226.75,81.32,29,3.72,LOW
DP-0956,47.32,48.82,4.77,19.23,45.61,28.71,8,0,8.75,242.0,100.0,33,4.39,MEDIUM
DP-0957,67.7,54.95,10.41,10.19,70.74,76.47,6,1,13.32,191.54,77.94,19,3.1,MEDIUM
DP-0958,51.35,46.65,0.0,17.78,41.43,49.35,2,0,11.33,192.5,94.36,22,3.98,LOW
DP-0959,42.04,37.32,0.0,5.89,42.41,33.61,3,0,3.61,87.62,92.06,29,3.76,LOW
DP-0960,60.31,66.07,2.87,0.0,62.38,74.88,4,1,0.0,171.95,83.82,60,5.66,LOW
DP-0961,67.01,64.73,5.84,0.0,73.73,97.65,5,0,10.75,111.02,87.2,8,4.65,LOW
DP-0962,73.65,69.45,0.0,3.12,75.29,80.41,2,0,3.4,285.94,87.86,54,5.89,LOW
DP-0963,80.25,79.2,4.51,1.78,70.15,97.1,1,0,7.17,129.23,94.19,8,4.97,LOW
DP-0964,42.46,41.5,0.0,6.94,49.92,22.12,4,1,10.73,234.18,88.64,13,5.46,HIGH
DP-0965,26.84,39.26,7.55,12.86,22.89,2.74,3,0,13.44,266.79,77.74,26,3.23,HIGH
DP-0966,75.14,61.3,3.94,0.0,61.65,82.74,5,0,1.63,173.37,74.66,33,3.85,MEDIUM
DP-0967,90.16,100.0,0.0,0.0,100.0,64.61,2,0,1.72,137.55,96.96,17,7.49,LOW
DP-0968,55.87,55.07,0.0,6.78,22.44,59.34,2,0,10.11,166.45,85.77,19,4.56,LOW
DP-0969,44.31,41.26,0.0,1.75,43.03,39.85,6,0,15.26,197.62,89.93,60,4.34,LOW
DP-0970,17.36,25.7,8.81,6.71,7.37,0.0,7,2,18.44,347.29,73.48,20,1.67,HIGH
DP-0971,33.98,15.32,11.17,8.53,11.27,33.39,4,0,8.94,217.74,87.21,36,3.03,MEDIUM
DP-0972,43.75,56.15,0.0,2.29,60.19,63.22,3,0,0.0,144.87,83.3,9,5.39,MEDIUM
DP-0973,47.38,33.43,8.87,7.4,38.07,49.26,6,1,11.85,267.56,84.11,16,3.68,MEDIUM
DP-0974,64.99,60.15,0.0,8.11,63.04,28.74,2,0,1.59,164.75,91.58,31,3.95,MEDIUM
DP-0975,64.04,65.59,0.0,3.76,64.89,57.58,2,1,0.0,127.65,79.15,14,4.94,LOW
DP-0976,54.9,56.97,6.6,7.08,35.11,38.57,3,0,13.62,193.61,79.41,46,4.61,MEDIUM
DP-0977,69.87,69.39,6.55,7.01,98.05,51.33,4,0,2.25,270.23,78.4,95,4.76,LOW
DP-0978,84.3,67.27,0.0,3.72,76.17,99.06,0,0,8.18,289.81,81.38,33,5.83,LOW
DP-0979,46.6,50.6,0.0,3.72,63.78,72.38,4,1,14.34,363.49,81.62,24,5.8,MEDIUM
DP-0980,81.15,80.7,0.0,5.4,80.62,87.71,5,0,2.78,230.86,91.6,16,5.89,LOW
DP-0981,43.56,46.52,4.43,0.0,57.97,42.44,4,1,11.68,178.34,81.74,42,3.44,MEDIUM
DP-0982,85.96,100.0,0.0,8.0,83.3,94.67,4,0,3.13,326.84,86.32,32,7.36,LOW
DP-0983,21.36,25.33,15.64,16.66,21.44,46.09,5,2,13.01,116.97,71.52,36,1.1,HIGH
DP-0984,28.63,22.42,2.99,15.77,34.57,43.16,4,0,19.13,236.8,82.71,16,2.49,HIGH
DP-0985,48.16,58.76,7.79,12.03,35.77,39.43,3,0,15.13,211.28,90.3,9,5.31,LOW
DP-0986,58.88,72.9,0.0,6.03,69.68,68.07,7,2,8.03,182.83,77.71,12,5.75,MEDIUM
DP-0987,77.68,85.3,0.0,0.0,64.85,100.0,1,0,1.71,146.23,85.53,40,5.78,LOW
DP-0988,58.26,59.49,8.6,0.0,77.65,60.5,3,1,3.82,179.05,98.31,33,4.39,LOW
DP-0989,48.25,62.74,0.0,3.29,54.77,32.17,4,0,6.2,198.66,83.26,37,5.17,LOW
DP-0990,68.8,85.0,0.0,0.0,70.67,62.7,2,0,0.0,231.65,82.14,38,6.72,LOW
DP-0991,47.73,26.13,0.0,0.0,56.39,34.43,3,0,11.75,216.74,89.0,32,2.99,MEDIUM
DP-0992,33.73,36.99,11.34,2.74,39.08,31.14,1,0,18.21,243.83,87.16,26,5.51,LOW
DP-0993,47.84,58.14,7.36,3.76,52.53,61.5,2,0,4.08,191.3,89.06,25,5.23,LOW
DP-0994,88.1,85.55,5.78,3.06,83.43,97.96,2,0,8.26,248.01,88.04,12,5.36,LOW
DP-0995,85.55,100.0,8.24,0.0,90.91,91.91,6,0,8.0,241.36,86.03,41,6.17,LOW
DP-0996,72.91,91.39,15.45,0.0,74.77,81.18,3,0,14.29,297.03,78.02,13,5.05,MEDIUM
DP-0997,64.68,66.66,4.58,3.6,72.44,59.38,3,0,13.23,231.48,75.57,5,5.24,MEDIUM
DP-0998,77.35,79.82,0.0,0.0,74.64,48.76,2,1,8.22,221.62,76.69,33,6.2,LOW
DP-0999,80.7,67.31,6.59,3.83,85.47,90.02,3,0,0.66,208.25,86.41,14,4.99,LOW
DP-1000,61.32,42.78,8.74,2.55,56.17,70.83,3,0,15.48,186.26,95.23,46,2.1,LOW
DP-1001,69.7,72.58,0.0,0.77,70.96,82.56,8,0,16.34,284.4,86.77,50,4.69,MEDIUM
DP-1002,72.43,79.85,11.4,5.65,89.61,84.92,0,0,14.77,309.38,92.28,7,6.63,LOW
DP-1003,27.81,32.89,9.26,13.44,38.23,47.35,2,0,22.6,143.07,81.0,49,1.89,MEDIUM
DP-1004,74.92,78.08,3.77,9.46,63.73,77.41,3,0,14.98,137.18,85.66,10,5.55,LOW
DP-1005,26.5,31.28,5.54,11.57,17.11,41.76,6,0,9.01,127.39,94.84,40,2.12,MEDIUM
DP-1006,57.22,61.81,7.81,4.82,38.24,62.18,6,1,10.06,162.86,92.58,22,5.34,MEDIUM
DP-1007,48.97,64.65,0.85,3.43,33.36,55.13,5,1,6.75,307.76,68.23,14,5.39,MEDIUM
DP-1008,44.75,62.09,1.18,1.48,34.22,59.17,5,0,0.0,216.46,93.98,17,4.97,LOW
DP-1009,38.72,38.07,1.61,0.0,32.99,64.85,7,0,13.1,320.08,96.13,14,1.58,HIGH
DP-1010,70.48,66.54,0.0,9.08,90.56,82.3,4,0,12.06,80.0,84.38,20,4.42,LOW
DP-1011,63.36,41.46,0.0,0.0,55.71,84.35,5,0,0.0,133.85,88.71,27,3.38,LOW
DP-1012,79.83,65.56,0.24,5.9,67.48,91.21,5,0,3.76,140.99,92.13,25,6.03,LOW
DP-1013,41.54,64.21,0.0,0.0,33.29,23.86,9,0,6.08,240.47,91.6,37,5.6,LOW
DP-1014,33.63,24.59,6.78,9.39,5.0,40.98,4,2,9.66,232.86,92.17,19,3.81,HIGH
DP-1015,73.38,74.33,0.0,0.0,68.71,83.18,0,0,7.82,206.43,91.69,45,5.25,LOW
DP-1016,49.21,55.62,4.98,3.07,69.85,18.47,6,0,0.0,113.0,95.19,39,5.48,LOW
DP-1017,73.96,70.74,0.0,13.91,58.87,81.04,6,0,2.01,326.55,89.53,77,5.0,LOW
DP-1018,41.13,24.72,1.59,17.29,58.28,40.78,6,0,5.09,187.11,76.56,24,2.51,MEDIUM
DP-1019,59.63,69.76,0.67,7.3,70.37,51.37,4,0,4.56,209.45,73.67,21,5.02,LOW
DP-1020,34.33,41.48,2.82,12.51,58.42,18.04,5,1,12.85,395.93,83.04,68,2.69,HIGH
DP-1021,52.71,56.84,0.0,2.37,37.86,40.51,2,0,8.42,283.13,96.84,11,5.12,MEDIUM
DP-1022,57.95,54.85,8.32,9.73,62.85,56.78,6,0,3.66,80.0,75.22,24,3.04,MEDIUM
DP-1023,33.46,43.41,8.97,9.62,40.38,29.2,6,2,9.97,152.89,72.83,44,4.51,HIGH
DP-1024,54.37,35.28,7.62,0.0,68.95,63.05,1,0,9.99,191.15,84.96,35,3.49,LOW
DP-1025,26.37,31.85,2.81,1.27,37.41,13.4,7,1,11.21,173.01,91.13,12,1.8,HIGH
DP-1026,43.38,34.46,1.31,8.46,55.58,37.79,3,1,13.58,303.9,81.5,25,2.35,LOW
DP-1027,59.31,57.8,0.0,4.3,50.59,51.71,4,0,15.38,317.41,92.84,29,4.49,MEDIUM
DP-1028,87.13,80.11,0.0,3.51,99.39,99.89,1,0,0.0,97.32,94.58,14,6.04,LOW
DP-1029,53.66,52.88,10.66,9.02,61.0,64.78,4,0,17.0,185.38,87.3,40,3.67,MEDIUM
DP-1030,71.26,66.03,0.0,7.94,74.62,70.81,1,0,4.53,162.87,93.52,8,5.01,LOW
DP-1031,53.79,55.07,0.96,11.47,67.04,87.39,2,0,19.72,172.42,82.16,59,5.16,LOW
DP-1032,25.9,50.38,5.91,19.76,45.32,20.0,6,1,10.44,132.86,80.19,54,4.18,MEDIUM
DP-1033,28.16,34.63,6.95,6.48,19.54,47.18,4,1,21.71,188.35,87.36,43,2.95,HIGH
DP-1034,98.0,95.5,4.08,18.47,91.93,100.0,0,0,12.6,328.89,80.55,25,5.97,LOW
DP-1035,47.75,59.64,8.55,10.24,56.76,58.76,3,0,11.82,191.29,95.82,18,3.44,MEDIUM
DP-1036,83.52,84.74,3.06,2.94,82.21,79.69,2,0,8.45,199.11,77.76,31,5.93,LOW
DP-1037,35.33,41.15,7.33,13.99,45.18,49.02,4,0,2.94,190.66,85.72,54,3.97,MEDIUM
DP-1038,35.97,35.97,9.24,3.85,25.18,51.38,9,4,10.86,198.4,74.46,20,3.93,HIGH
DP-1039,66.25,58.25,8.02,0.0,47.57,100.0,2,0,12.5,187.97,92.04,72,3.24,LOW
DP-1040,44.15,33.87,4.15,0.73,39.5,29.2,1,0,15.85,196.23,88.38,40,2.95,MEDIUM
DP-1041,48.37,40.63,3.41,7.32,47.55,70.14,3,0,15.9,190.1,76.68,14,4.5,MEDIUM
DP-1042,75.03,75.4,0.0,12.38,74.07,93.84,6,0,0.0,103.24,75.45,43,5.68,LOW
DP-1043,59.51,45.46,3.41,13.88,63.26,55.0,2,0,13.27,208.07,73.2,43,4.75,LOW
DP-1044,89.19,68.32,0.0,0.0,74.69,71.4,5,0,13.27,286.45,75.87,46,5.32,LOW
DP-1045,29.15,45.72,5.1,6.47,34.1,37.08,7,2,13.57,177.64,84.48,11,4.38,HIGH
DP-1046,73.05,86.27,2.29,3.08,80.5,90.28,1,0,4.7,87.07,100.0,16,6.63,LOW
DP-1047,46.47,39.7,0.0,2.45,50.88,57.95,1,0,15.84,226.24,83.32,48,4.47,MEDIUM
DP-1048,37.27,20.21,2.34,2.73,31.18,41.23,4,1,11.57,237.45,95.38,33,2.71,HIGH
DP-1049,66.39,74.96,3.83,6.42,69.16,81.86,3,0,3.3,145.74,88.12,71,3.73,LOW
DP-1050,30.96,14.36,0.74,9.79,34.9,13.56,1,0,10.64,292.54,97.09,34,1.07,MEDIUM
DP-1051,41.24,45.07,2.17,5.56,59.2,53.41,1,0,9.67,190.46,75.67,6,3.25,HIGH
DP-1052,23.54,17.52,15.79,8.42,23.48,32.9,9,0,18.09,270.48,78.66,10,1.79,HIGH
DP-1053,41.57,63.05,4.79,0.01,41.35,52.27,9,2,9.51,206.82,87.3,67,4.12,HIGH
DP-1054,57.75,41.93,7.89,0.0,47.16,54.59,3,0,16.98,370.23,87.49,24,2.62,MEDIUM
DP-1055,74.17,78.36,4.19,0.0,78.35,75.71,2,1,9.14,275.4,84.21,91,5.88,LOW
DP-1056,52.74,65.26,0.97,7.69,49.23,47.05,7,1,15.27,182.34,83.27,45,4.39,MEDIUM
DP-1057,75.05,75.65,2.49,5.3,91.47,81.53,5,0,2.66,103.95,83.73,62,4.86,LOW
DP-1058,86.56,100.0,0.0,0.0,94.96,78.1,4,1,5.45,182.79,87.18,11,6.22,LOW
DP-1059,48.57,61.66,3.91,3.21,33.04,52.36,7,0,11.93,192.26,76.28,74,4.36,MEDIUM
DP-1060,50.51,39.69,2.44,0.0,60.63,27.83,1,0,10.06,226.33,90.12,17,2.36,MEDIUM
DP-1061,41.49,51.59,6.07,6.57,58.04,51.29,3,2,16.43,246.01,88.73,25,3.25,MEDIUM
DP-1062,55.23,61.01,8.93,15.28,44.81,41.35,3,0,14.65,175.01,86.99,55,4.32,MEDIUM
DP-1063,68.6,75.23,2.34,0.0,55.23,48.96,1,0,9.49,174.63,87.62,13,6.32,LOW
DP-1064,83.97,100.0,12.49,3.88,82.08,29.89,2,0,0.0,250.59,91.91,20,6.36,LOW
DP-1065,73.1,71.68,0.0,3.34,60.92,74.21,3,1,1.93,116.31,89.88,21,5.4,LOW
DP-1066,43.25,49.49,14.19,6.12,15.34,57.61,2,1,14.04,80.0,71.74,17,4.37,MEDIUM
DP-1067,26.0,11.6,9.27,11.83,5.0,27.64,3,1,13.7,366.28,80.75,18,3.21,HIGH
DP-1068,60.8,75.42,5.61,7.66,54.64,75.38,4,0,10.61,183.08,82.4,11,5.04,LOW
DP-1069,58.29,85.27,1.6,2.48,60.99,58.59,6,1,1.27,261.34,95.21,27,6.92,MEDIUM
DP-1070,84.49,85.98,0.0,0.0,63.06,79.18,4,0,0.0,80.0,95.96,27,8.0,LOW
DP-1071,25.46,46.06,6.09,5.95,54.55,37.03,7,1,20.09,224.12,77.65,11,2.78,HIGH
DP-1072,70.4,77.92,0.0,0.0,64.64,85.93,2,1,4.81,220.44,76.05,46,5.37,LOW
DP-1073,68.12,69.62,4.6,0.0,60.38,74.23,3,0,6.67,168.71,88.52,20,3.38,LOW
DP-1074,48.38,48.01,9.32,3.81,39.26,38.76,3,1,17.78,158.93,94.47,38,2.93,HIGH
DP-1075,38.54,63.64,2.87,2.86,40.76,59.19,7,1,25.74,291.34,74.72,5,5.44,HIGH
DP-1076,23.14,5.97,6.91,5.63,30.56,6.39,5,1,10.81,181.43,76.97,45,1.69,HIGH
DP-1077,46.04,34.56,2.53,5.55,39.26,67.01,9,4,12.2,265.88,81.36,37,2.99,HIGH
DP-1078,73.13,75.87,2.18,0.63,71.05,50.03,5,0,5.17,80.0,84.47,26,6.42,LOW
DP-1079,43.76,52.05,0.0,6.85,41.62,56.2,5,1,6.5,241.92,89.74,60,4.82,MEDIUM
DP-1080,60.08,64.01,0.93,13.14,70.98,50.96,2,0,10.65,194.64,89.78,41,4.63,LOW
DP-1081,41.56,37.37,0.0,4.37,37.94,52.69,4,0,13.79,209.72,94.57,14,3.66,HIGH
DP-1082,82.23,75.34,3.97,0.0,96.36,69.31,6,0,13.11,267.35,97.5,22,5.72,LOW
DP-1083,59.87,58.8,1.77,6.98,61.97,42.63,1,0,10.79,219.43,84.04,62,5.82,LOW
DP-1084,68.27,74.72,4.05,1.4,32.72,79.25,4,0,3.5,219.74,73.44,54,5.29,LOW
DP-1085,95.71,100.0,0.0,0.0,93.82,100.0,2,0,0.71,194.0,99.19,37,7.74,LOW
DP-1086,27.22,22.45,7.86,7.58,9.86,33.01,4,1,14.75,209.18,78.3,13,3.31,HIGH
DP-1087,30.89,15.42,6.26,9.95,17.71,20.48,5,1,10.47,260.66,80.8,29,0.57,HIGH
DP-1088,47.59,63.24,16.69,10.07,52.79,44.37,5,2,12.54,275.46,74.88,22,3.95,HIGH
DP-1089,37.52,60.56,1.87,9.46,38.24,36.56,3,1,14.74,228.09,79.36,6,2.89,MEDIUM
DP-1090,29.96,39.65,5.13,12.73,22.19,16.28,4,2,19.43,118.49,71.62,34,3.03,HIGH
DP-1091,73.74,72.14,4.24,12.43,75.1,65.46,6,1,7.48,239.32,79.74,34,5.6,LOW
DP-1092,21.11,13.97,0.0,9.27,12.3,29.67,6,2,9.76,169.97,80.97,31,2.4,HIGH
DP-1093,56.2,48.25,4.74,4.9,54.61,71.29,4,1,13.11,190.36,73.33,26,3.63,HIGH
DP-1094,63.76,67.48,4.5,0.0,60.17,63.27,7,1,8.14,107.21,84.0,17,5.31,MEDIUM
DP-1095,85.08,85.75,1.26,16.16,88.04,73.57,6,0,5.78,143.14,83.31,27,5.75,MEDIUM
DP-1096,30.27,32.68,0.3,8.46,43.55,32.85,6,3,0.78,194.79,74.46,5,1.92,HIGH
DP-1097,60.26,44.25,0.0,5.55,34.95,64.08,8,2,10.15,154.25,88.25,57,4.73,HIGH
DP-1098,71.88,66.41,2.64,0.26,80.4,84.53,4,0,0.0,139.36,87.65,37,5.5,LOW
DP-1099,46.22,54.06,1.28,0.48,52.1,35.7,0,0,9.95,153.4,83.55,23,5.54,MEDIUM
DP-1100,47.42,33.58,8.39,10.21,37.9,78.06,4,1,6.38,156.73,88.39,15,2.54,MEDIUM
DP-1101,49.32,23.53,2.44,11.68,57.22,31.41,6,0,5.66,154.04,93.84,28,1.26,MEDIUM
DP-1102,61.01,46.08,5.3,0.0,60.84,41.74,3,1,2.76,139.17,85.15,47,3.47,LOW
DP-1103,52.59,54.14,11.52,9.1,56.16,51.31,5,1,21.09,226.82,71.27,23,2.67,MEDIUM
DP-1104,72.05,84.43,5.2,11.04,76.74,94.5,1,0,9.41,224.23,85.06,37,7.05,LOW
DP-1105,69.25,74.92,0.0,0.0,70.34,70.49,4,1,14.09,174.81,72.96,47,5.86,MEDIUM
DP-1106,24.52,25.9,7.22,9.67,5.0,54.4,4,0,16.08,229.06,84.55,13,3.28,HIGH
DP-1107,50.47,51.73,3.89,1.57,58.7,50.94,3,0,3.32,218.64,74.59,76,3.21,MEDIUM
DP-1108,63.44,62.54,0.0,5.47,58.62,79.5,3,0,6.69,183.29,90.57,16,5.04,LOW
DP-1109,35.52,31.08,13.06,10.37,59.16,35.08,6,3,16.75,185.84,74.28,39,1.96,HIGH
DP-1110,78.7,85.67,0.0,4.95,56.12,90.35,2,0,13.15,132.49,78.38,32,6.38,LOW
DP-1111,29.9,44.98,8.52,10.44,53.21,29.84,3,0,12.76,215.95,90.47,10,2.64,HIGH
DP-1112,48.88,58.28,7.39,0.0,49.67,47.11,3,1,6.89,203.26,73.49,30,3.93,LOW
DP-1113,33.54,34.81,8.7,6.1,35.65,69.37,3,1,17.16,220.67,81.49,11,2.09,MEDIUM
DP-1114,29.44,28.37,0.0,6.47,13.0,18.27,3,1,24.87,154.05,84.94,22,4.3,MEDIUM
DP-1115,68.11,65.48,0.0,0.94,78.53,73.51,1,0,14.43,336.1,99.73,14,4.93,LOW
DP-1116,70.86,75.82,5.37,3.74,66.63,92.63,3,2,7.45,219.17,90.14,25,5.42,MEDIUM
DP-1117,51.53,29.28,8.98,0.0,45.81,38.75,2,0,14.76,186.02,79.36,12,4.23,MEDIUM
DP-1118,74.97,61.85,0.0,0.6,65.81,78.04,1,0,7.77,205.55,82.51,61,4.0,LOW
DP-1119,39.57,45.9,5.66,8.23,44.65,23.67,4,0,9.89,229.8,84.42,32,4.87,MEDIUM
DP-1120,87.93,97.58,0.84,3.18,88.9,77.27,1,0,6.91,220.47,93.21,25,6.88,LOW
DP-1121,74.82,93.14,9.8,10.65,83.32,100.0,2,1,0.0,193.88,67.76,45,6.25,LOW
DP-1122,22.14,22.38,8.88,3.3,12.73,5.86,7,2,13.55,284.7,84.58,23,4.59,HIGH
DP-1123,44.62,47.96,5.77,11.08,38.12,66.35,6,0,4.12,225.53,80.05,18,2.39,LOW
DP-1124,31.25,30.08,7.17,7.44,34.16,20.74,6,1,10.94,191.04,83.53,60,3.91,MEDIUM
DP-1125,70.3,67.23,0.0,0.0,65.52,60.73,3,0,18.2,125.44,85.52,12,5.72,LOW
DP-1126,67.72,70.99,0.81,5.26,73.45,76.81,4,1,10.59,275.14,83.99,6,5.52,MEDIUM
DP-1127,81.83,93.93,9.28,14.6,86.97,94.26,4,1,8.17,80.0,79.67,28,7.22,LOW
DP-1128,56.16,62.69,8.94,0.0,67.86,60.7,5,0,4.06,249.68,87.4,29,4.69,LOW
DP-1129,59.15,55.14,0.0,4.43,64.19,64.56,1,0,10.12,280.25,85.02,12,3.73,MEDIUM
DP-1130,57.32,42.1,2.82,0.36,60.63,87.11,7,1,16.35,237.32,93.6,16,4.74,MEDIUM
DP-1131,54.87,42.67,3.13,9.44,63.5,40.41,5,1,8.56,202.91,86.74,33,5.3,MEDIUM
DP-1132,77.38,89.11,1.21,0.0,62.83,89.48,2,0,1.43,129.31,92.92,23,6.81,LOW
DP-1133,16.48,18.84,0.0,11.35,10.46,10.42,3,1,16.67,111.76,87.44,31,3.44,HIGH
DP-1134,70.24,71.53,9.87,5.66,44.26,93.63,3,0,6.8,202.65,86.56,15,5.31,LOW
DP-1135,41.18,34.89,7.51,0.0,43.79,68.41,3,0,11.24,194.22,90.0,27,2.15,LOW
DP-1136,34.67,46.52,2.88,12.44,23.7,35.54,5,0,0.65,95.25,75.33,35,3.94,MEDIUM
DP-1137,51.38,70.33,16.3,17.34,62.74,69.01,3,0,7.44,172.82,83.18,41,3.33,MEDIUM
DP-1138,81.79,67.47,3.86,0.5,80.87,97.12,3,0,6.38,211.53,87.81,13,5.3,LOW
DP-1139,84.25,70.54,0.0,0.0,68.3,88.39,4,0,5.36,200.03,94.0,22,5.83,LOW
DP-1140,46.09,48.85,2.7,4.95,48.34,57.46,1,1,11.14,211.5,86.36,27,5.03,MEDIUM
DP-1141,44.5,43.78,7.6,5.15,27.89,51.87,5,0,13.74,181.41,90.17,25,3.65,MEDIUM
DP-1142,45.46,18.34,8.34,7.73,78.8,60.71,7,0,13.16,219.51,84.89,53,1.97,MEDIUM
DP-1143,85.69,93.68,0.0,11.03,88.02,85.45,5,0,3.58,80.0,100.0,8,6.91,LOW
DP-1144,45.16,57.9,0.32,8.51,32.98,60.17,5,0,10.06,206.17,91.43,32,4.45,MEDIUM
DP-1145,81.63,77.07,11.52,6.14,80.14,86.08,2,0,12.89,103.14,82.83,25,6.72,LOW
DP-1146,29.73,22.61,0.0,13.33,27.41,36.27,5,1,9.48,191.34,85.86,22,1.49,HIGH
DP-1147,58.52,73.3,8.18,0.7,77.76,56.04,3,1,19.0,163.24,82.27,38,5.97,LOW
DP-1148,72.95,84.82,0.0,0.94,68.37,56.91,2,0,4.9,180.91,79.7,29,6.29,LOW
DP-1149,24.29,27.56,0.51,16.75,22.36,38.31,4,1,17.13,239.7,75.54,25,2.7,HIGH
DP-1150,77.71,53.02,0.52,15.02,67.63,75.68,3,0,0.0,254.71,83.62,78,4.93,LOW
DP-1151,67.95,73.44,5.06,3.14,92.08,63.27,1,0,20.32,216.27,90.7,19,5.68,LOW
DP-1152,61.14,66.56,0.0,0.0,57.3,20.86,2,0,16.88,223.61,69.69,35,4.89,MEDIUM
DP-1153,77.22,81.13,0.0,0.0,92.53,82.58,1,0,13.71,286.63,77.12,47,7.05,LOW
DP-1154,80.08,85.66,0.0,0.0,73.3,88.98,2,0,8.08,176.47,100.0,7,6.82,LOW
DP-1155,31.74,33.5,14.71,7.5,23.4,11.11,3,1,20.71,272.61,90.28,17,3.55,HIGH
DP-1156,72.6,82.55,0.0,0.81,57.13,36.99,7,0,0.0,173.03,95.86,29,4.58,LOW
DP-1157,56.2,56.34,0.0,0.97,68.58,41.48,4,1,11.21,282.37,82.69,21,3.8,MEDIUM
DP-1158,74.63,59.68,3.39,6.38,96.14,67.5,4,1,11.74,229.81,88.18,44,4.28,MEDIUM
DP-1159,95.04,95.56,0.0,0.0,95.98,88.67,1,0,7.0,219.2,81.62,26,6.25,LOW
DP-1160,19.27,19.69,5.31,6.31,21.89,17.02,4,2,10.19,148.48,86.67,47,2.52,HIGH
DP-1161,67.75,73.32,9.4,0.0,82.2,62.96,4,0,6.24,105.68,90.45,67,5.95,LOW
DP-1162,43.67,47.54,4.08,11.46,54.08,38.53,5,1,1.79,125.62,74.4,52,5.1,MEDIUM
DP-1163,34.59,32.74,9.51,10.81,25.18,32.31,2,1,11.23,96.05,84.47,23,3.24,MEDIUM
DP-1164,26.42,22.1,8.22,21.93,50.9,7.48,5,1,0.0,169.56,86.26,6,1.76,HIGH
DP-1165,56.11,55.0,0.0,0.0,55.36,60.17,4,0,5.24,259.35,90.14,24,4.43,LOW
DP-1166,67.12,87.58,0.0,0.0,66.27,83.55,4,0,2.78,304.07,75.87,52,7.15,LOW
DP-1167,51.42,49.76,5.19,0.0,61.61,38.9,1,0,6.2,221.41,95.19,16,4.09,LOW
DP-1168,35.42,35.99,3.4,0.0,39.42,19.38,7,2,10.39,125.39,82.86,19,2.76,HIGH
DP-1169,66.71,57.92,0.0,5.97,60.82,74.99,1,0,11.6,152.34,74.78,26,5.64,LOW
DP-1170,26.55,6.78,5.38,10.72,9.41,44.67,3,0,15.32,108.69,88.51,19,0.91,MEDIUM
DP-1171,57.73,55.94,0.0,8.81,52.34,51.46,3,1,16.25,161.21,77.62,14,4.6,MEDIUM
DP-1172,50.33,48.53,0.47,12.12,45.07,49.32,6,1,7.97,247.49,88.76,4,3.99,MEDIUM
DP-1173,93.36,100.0,0.0,5.58,90.8,83.26,1,0,7.05,142.76,96.64,34,7.91,LOW
DP-1174,68.8,52.44,0.0,13.76,80.36,100.0,4,1,15.24,123.95,81.99,34,3.96,LOW
DP-1175,60.03,58.09,10.04,3.86,58.7,67.44,2,0,10.69,185.43,80.3,40,4.37,LOW
DP-1176,41.29,51.6,4.91,18.32,40.99,31.89,3,0,15.3,247.11,67.39,27,3.39,HIGH
DP-1177,13.47,10.44,7.65,15.46,18.98,14.62,4,0,14.38,153.54,89.16,43,2.01,HIGH
DP-1178,52.06,41.35,5.03,0.23,47.49,69.79,5,2,8.98,171.72,79.8,31,3.16,MEDIUM
DP-1179,86.23,76.23,0.0,5.26,100.0,89.33,0,0,4.64,262.62,81.81,12,6.66,LOW
DP-1180,59.97,46.69,4.68,0.0,71.36,65.01,6,2,9.55,205.1,78.03,10,3.74,MEDIUM
DP-1181,41.42,69.7,9.57,0.0,29.51,24.74,5,0,12.25,164.84,85.28,22,4.54,MEDIUM
DP-1182,78.01,75.72,0.0,0.0,83.01,94.34,3,0,6.73,173.84,88.73,16,5.71,LOW
DP-1183,52.7,57.03,0.96,0.0,41.72,57.64,7,3,4.71,248.77,81.57,38,4.54,HIGH
DP-1184,74.3,69.2,8.03,5.57,79.6,63.18,4,0,4.27,326.55,82.9,60,4.47,LOW
DP-1185,51.01,41.47,0.0,0.0,59.37,56.52,5,0,5.96,133.71,97.8,49,2.48,MEDIUM
DP-1186,69.49,88.16,4.27,0.13,48.44,99.55,5,0,5.96,249.49,85.38,18,6.29,LOW
DP-1187,83.1,87.99,5.16,0.0,76.5,96.45,4,0,5.88,203.9,88.58,26,6.43,LOW
DP-1188,81.28,86.38,0.63,1.98,73.02,97.62,4,0,9.67,124.29,87.02,20,6.05,LOW
DP-1189,49.63,48.19,9.02,6.94,62.87,28.31,6,1,5.9,250.63,83.94,5,3.45,MEDIUM
DP-1190,20.1,5.0,0.68,7.67,16.27,12.49,6,1,5.25,241.26,79.49,27,1.65,HIGH
DP-1191,75.05,60.16,2.64,0.0,84.46,80.96,5,0,13.31,380.68,77.38,5,4.93,MEDIUM
DP-1192,82.24,72.61,1.3,5.98,54.55,76.22,3,0,0.0,279.18,81.61,40,5.1,LOW
DP-1193,50.32,34.14,0.0,7.23,19.48,30.3,2,0,7.17,164.82,86.01,33,4.65,LOW
DP-1194,80.67,83.85,0.0,0.0,78.77,75.54,2,0,0.0,182.87,92.54,8,5.19,LOW
DP-1195,74.3,75.51,5.14,5.32,65.28,71.89,0,0,9.2,302.97,86.87,30,4.89,LOW
DP-1196,92.91,94.98,0.0,0.0,97.72,75.16,3,0,1.41,129.13,85.4,49,6.76,LOW
DP-1197,69.5,80.76,0.0,0.0,58.62,65.5,3,0,5.37,197.76,100.0,14,5.02,LOW
DP-1198,69.09,68.42,11.31,4.67,68.44,44.26,4,0,10.03,163.25,80.14,39,4.05,LOW
DP-1199,59.16,59.07,4.18,3.55,73.51,66.2,5,0,7.42,234.95,74.09,23,5.25,LOW
DP-1200,81.32,89.27,10.44,4.75,80.01,79.85,3,0,7.16,197.14,79.12,24,6.05,LOW
DP-1201,20.31,24.69,6.87,3.8,22.26,55.06,6,2,21.06,112.79,80.98,35,1.24,HIGH
DP-1202,20.72,13.31,4.63,17.3,16.48,13.42,6,0,5.52,119.19,92.81,49,1.92,HIGH
DP-1203,38.64,45.81,4.25,0.0,37.4,50.33,6,1,14.25,97.41,79.76,34,4.0,MEDIUM
DP-1204,72.77,70.06,3.47,9.87,57.99,91.72,7,0,1.47,162.6,84.17,17,5.41,LOW
DP-1205,30.23,5.0,0.0,7.12,50.96,34.97,2,1,4.23,200.43,82.93,18,2.15,MEDIUM
DP-1206,84.93,100.0,0.92,6.06,78.82,100.0,4,0,4.91,225.58,64.19,18,7.18,LOW
DP-1207,43.43,38.47,9.36,5.0,40.39,73.9,5,0,11.36,176.88,65.11,27,2.22,MEDIUM
DP-1208,76.03,99.05,5.47,0.0,97.65,54.09,1,0,9.17,126.75,95.18,7,5.51,LOW
DP-1209,53.85,62.94,0.0,12.18,52.8,72.8,5,0,8.02,137.2,93.45,46,4.84,LOW
DP-1210,48.17,65.88,8.05,3.32,49.93,62.23,6,0,3.29,168.85,82.1,14,5.04,LOW
DP-1211,53.02,39.19,1.47,12.62,40.34,38.42,1,0,4.51,146.55,84.55,17,3.46,LOW
DP-1212,44.65,59.48,4.09,17.91,36.9,31.44,4,2,13.16,124.61,75.24,23,4.66,HIGH
DP-1213,16.56,15.02,12.53,5.5,7.79,0.0,8,3,27.77,154.58,75.78,18,2.16,HIGH
DP-1214,55.07,53.22,5.15,0.28,65.84,72.94,2,0,10.39,198.41,86.28,74,5.38,LOW
DP-1215,86.07,91.72,0.0,5.51,92.74,100.0,1,0,3.95,217.18,83.18,34,6.09,LOW
DP-1216,48.8,47.11,7.36,1.93,29.91,26.35,1,0,6.41,322.93,78.41,16,3.84,MEDIUM
DP-1217,82.62,90.71,2.28,0.0,98.14,58.63,5,1,4.39,234.21,78.01,50,6.42,LOW
DP-1218,88.25,94.64,7.35,0.0,100.0,73.27,3,1,9.46,133.37,76.17,65,6.29,LOW
DP-1219,93.88,100.0,0.0,0.0,98.04,77.53,3,0,5.8,80.0,83.91,25,7.39,LOW
DP-1220,56.96,59.74,9.31,12.34,59.87,83.99,5,1,0.26,235.17,93.54,53,4.96,LOW
DP-1221,42.13,41.95,3.71,16.33,48.29,37.32,3,0,19.78,182.72,71.16,23,3.08,MEDIUM
DP-1222,26.6,19.85,2.9,20.73,35.25,28.54,8,3,14.5,306.77,84.25,69,3.48,HIGH
DP-1223,88.41,100.0,0.49,0.49,85.34,86.81,0,0,3.3,187.32,90.33,51,7.19,LOW
DP-1224,68.24,80.82,9.63,0.0,77.8,80.37,2,1,11.81,269.19,81.55,15,4.3,MEDIUM
DP-1225,30.63,12.61,8.42,4.71,23.36,26.95,2,0,13.17,169.36,83.79,38,1.19,MEDIUM
DP-1226,84.05,95.89,0.0,0.0,100.0,74.28,5,0,6.83,238.27,77.1,42,7.57,LOW
DP-1227,66.91,52.79,4.4,13.84,86.05,77.92,4,1,14.38,201.19,88.72,40,2.92,MEDIUM
DP-1228,53.12,60.73,0.0,0.0,48.48,40.21,6,0,2.34,80.0,86.68,62,5.91,LOW
DP-1229,64.87,67.04,0.0,0.0,74.67,75.87,4,0,11.88,277.8,72.85,46,7.01,LOW
DP-1230,54.91,51.54,1.48,7.11,56.87,50.57,1,0,7.73,196.62,90.25,35,4.49,LOW
DP-1231,41.91,48.43,9.92,6.8,54.21,38.48,5,0,5.92,252.24,84.26,24,3.8,LOW
DP-1232,76.61,70.91,6.17,7.52,84.5,59.54,2,0,24.55,244.42,82.63,8,4.99,MEDIUM
DP-1233,61.85,66.94,0.0,0.0,62.15,71.98,2,0,0.0,84.6,72.09,49,5.84,LOW
DP-1234,49.85,65.05,0.0,2.88,44.26,46.21,3,1,7.21,324.33,97.8,8,4.3,MEDIUM
DP-1235,44.95,33.14,5.64,7.81,54.05,36.52,3,0,13.2,144.65,72.52,40,3.14,MEDIUM
DP-1236,76.94,84.49,2.36,6.7,73.24,70.01,5,0,9.26,80.0,82.65,34,6.33,LOW
DP-1237,60.71,69.18,0.96,2.65,47.17,44.1,0,0,3.47,215.43,86.53,43,5.4,LOW
DP-1238,88.53,70.57,0.19,0.0,68.64,83.33,1,0,3.13,266.62,97.1,118,5.1,LOW
DP-1239,33.76,42.05,9.16,6.19,20.5,37.34,5,2,12.04,270.56,83.71,26,3.55,HIGH
DP-1240,48.22,48.97,4.41,14.1,31.04,61.33,7,1,6.9,127.09,81.77,54,3.12,MEDIUM
DP-1241,29.26,42.08,4.4,0.0,15.6,69.49,6,1,5.6,241.78,94.34,24,4.55,MEDIUM
DP-1242,18.45,8.99,8.26,10.96,14.91,4.96,9,1,6.93,237.1,87.06,27,1.86,HIGH
DP-1243,39.43,43.03,0.0,8.94,34.14,16.07,3,1,9.33,256.52,73.92,45,3.93,MEDIUM
DP-1244,31.54,23.98,6.8,7.93,17.25,0.38,6,0,2.63,164.39,81.64,40,2.41,HIGH
DP-1245,60.85,66.06,7.68,1.08,58.04,59.03,2,0,10.08,116.7,77.21,17,4.26,LOW
DP-1246,80.93,84.42,7.62,4.65,82.54,67.54,3,0,5.74,143.43,86.29,39,5.03,LOW
DP-1247,75.69,71.69,1.19,0.0,85.43,70.77,1,0,3.32,231.55,83.49,33,4.71,LOW
DP-1248,70.43,56.34,2.97,3.84,54.63,70.43,5,0,0.0,172.87,86.83,41,4.08,LOW
DP-1249,75.24,81.88,0.0,0.0,66.71,75.12,3,0,12.97,195.93,94.81,9,6.8,LOW
DP-1250,62.49,75.62,1.37,0.0,69.94,54.85,4,0,6.74,88.75,88.01,59,6.2,MEDIUM
DP-1251,22.46,19.34,11.01,4.8,18.37,15.39,4,1,7.42,80.0,95.46,22,1.25,HIGH
DP-1252,52.92,72.22,1.95,0.0,43.79,48.11,2,0,15.18,144.44,91.82,5,5.24,LOW
DP-1253,75.29,68.81,0.0,0.0,80.08,54.75,3,1,10.64,211.97,79.46,40,5.47,LOW
DP-1254,66.5,65.28,1.43,3.23,78.03,82.56,8,0,8.29,166.65,74.04,25,4.43,LOW
DP-1255,27.25,25.54,8.18,12.53,33.88,41.78,7,1,18.93,272.46,82.07,24,1.95,HIGH
DP-1256,52.44,64.74,0.0,0.0,43.44,68.73,8,1,12.63,230.89,84.04,63,5.09,HIGH
DP-1257,34.87,38.47,12.48,5.51,41.48,43.57,4,0,10.73,284.4,75.63,67,2.61,MEDIUM
DP-1258,51.74,58.18,0.0,0.0,51.28,58.06,0,0,14.4,294.65,94.87,33,5.89,LOW
DP-1259,58.36,58.71,4.53,13.84,65.2,34.27,4,0,10.7,298.24,81.32,8,5.09,MEDIUM
DP-1260,51.54,52.36,13.62,0.22,60.17,47.13,7,1,14.67,220.05,80.83,32,4.47,MEDIUM
DP-1261,46.37,33.49,0.9,2.85,56.73,45.57,4,0,8.52,210.43,98.71,15,3.99,LOW
DP-1262,59.36,63.33,4.19,4.34,47.51,61.91,3,1,3.57,182.54,77.93,14,4.19,LOW
DP-1263,41.88,33.54,8.52,11.12,55.27,30.83,4,0,13.96,252.06,82.43,15,3.6,MEDIUM
DP-1264,56.06,78.21,0.0,4.7,40.84,26.84,5,2,13.92,228.7,87.2,24,6.05,MEDIUM
DP-1265,50.09,38.41,6.45,19.16,58.91,61.62,6,1,8.19,223.31,75.81,23,3.61,HIGH
DP-1266,39.3,47.79,2.16,18.28,41.94,26.31,2,0,14.39,185.87,75.02,23,4.79,LOW
DP-1267,67.57,61.62,1.05,3.32,76.98,64.88,2,0,13.26,221.96,91.42,32,5.12,MEDIUM
DP-1268,85.96,95.96,8.2,0.0,65.73,60.65,2,0,12.44,243.91,80.9,33,6.15,LOW
DP-1269,24.82,26.87,15.59,0.71,34.9,12.78,9,2,14.28,109.42,74.63,26,1.68,HIGH
DP-1270,51.86,48.18,4.74,6.37,51.25,35.19,2,0,5.65,80.0,94.01,13,4.48,LOW
DP-1271,81.77,68.15,0.0,9.82,64.76,95.88,2,0,8.8,165.54,85.19,25,6.76,LOW
DP-1272,30.16,31.21,4.55,0.0,31.12,39.05,3,1,11.46,177.3,75.73,89,3.01,HIGH
DP-1273,65.64,52.75,8.14,6.0,79.85,69.23,3,0,0.0,158.99,92.18,24,3.58,LOW
DP-1274,47.88,38.74,1.1,5.44,61.19,62.51,2,0,18.9,190.53,74.2,25,3.36,LOW
DP-1275,41.47,19.01,7.91,2.53,62.4,56.64,5,1,10.48,234.91,89.08,24,1.05,MEDIUM
DP-1276,63.66,58.79,0.0,0.0,42.38,67.24,5,2,3.31,157.75,84.05,34,4.85,MEDIUM
DP-1277,78.86,84.79,0.0,4.04,79.0,100.0,2,0,1.59,199.27,82.97,7,5.52,LOW
DP-1278,52.1,46.14,6.02,6.88,50.36,50.12,4,1,8.05,239.49,91.03,32,4.34,MEDIUM
DP-1279,52.58,54.6,4.21,1.4,21.48,65.8,1,0,10.76,256.2,82.87,22,4.59,MEDIUM
DP-1280,47.16,51.74,0.73,8.53,45.01,59.54,2,1,13.32,230.98,88.42,16,3.53,MEDIUM
DP-1281,73.17,58.4,0.0,5.55,70.45,62.2,1,0,7.63,375.94,86.01,15,4.6,LOW
DP-1282,76.21,76.28,3.77,1.96,83.43,93.49,2,0,1.32,195.85,87.76,25,6.55,LOW
DP-1283,58.28,54.19,0.0,6.26,58.38,44.96,6,2,8.51,319.93,79.14,17,4.18,MEDIUM
DP-1284,68.75,46.36,6.22,16.33,62.47,49.79,8,1,14.63,171.5,72.74,36,4.25,MEDIUM
DP-1285,80.66,83.91,0.0,2.17,62.52,79.92,3,1,0.0,187.52,87.37,14,5.74,LOW
DP-1286,37.19,17.51,10.35,10.02,18.82,18.17,3,0,13.52,153.03,77.72,37,1.68,HIGH
DP-1287,54.94,51.7,15.74,0.74,52.93,42.81,2,0,15.63,274.91,72.84,12,3.22,MEDIUM
DP-1288,53.14,58.68,0.8,1.59,36.12,49.7,2,0,24.6,233.82,86.14,24,5.27,LOW
DP-1289,60.09,75.83,5.11,0.91,73.03,48.01,4,0,5.8,161.38,84.82,82,5.3,LOW
DP-1290,33.52,43.58,0.0,8.03,31.59,53.31,5,1,6.52,95.63,83.68,16,4.7,MEDIUM
DP-1291,34.19,40.46,10.61,7.58,16.9,43.3,3,0,9.28,165.85,73.3,30,2.25,MEDIUM
DP-1292,89.5,81.82,10.35,0.0,84.47,96.72,3,0,9.25,240.96,77.36,6,5.21,LOW
DP-1293,29.31,21.32,4.18,5.97,48.96,28.35,1,1,12.84,197.57,80.71,66,2.91,MEDIUM
DP-1294,77.81,87.91,0.0,5.47,61.91,100.0,2,0,1.71,161.27,87.46,19,6.32,LOW
DP-1295,32.11,22.06,10.9,6.33,17.93,46.88,4,0,17.61,236.46,87.0,60,1.77,LOW
DP-1296,62.47,49.49,0.0,0.0,42.71,69.42,6,1,12.07,146.81,86.06,31,4.65,MEDIUM
DP-1297,69.68,68.87,0.51,9.04,86.75,70.49,1,0,9.07,163.38,92.5,24,4.98,LOW
DP-1298,48.58,55.45,10.51,13.49,36.7,70.9,5,1,19.01,121.78,77.39,22,3.77,HIGH
DP-1299,53.39,52.82,2.56,5.0,66.2,49.95,7,0,0.0,269.12,86.07,56,4.66,LOW
DP-1300,72.84,72.71,0.0,0.0,78.24,61.76,4,0,11.44,85.6,77.59,21,4.17,LOW
DP-1301,86.16,80.29,9.64,10.35,86.58,81.31,5,0,2.76,182.6,85.01,7,4.94,LOW
DP-1302,87.24,80.71,0.0,6.22,87.94,80.41,3,0,5.82,284.51,96.5,17,6.19,LOW
DP-1303,70.6,79.08,3.95,0.65,87.44,65.58,6,2,8.82,134.79,84.56,23,4.79,LOW
DP-1304,50.86,50.12,7.73,8.58,67.71,69.67,4,0,5.77,215.06,100.0,37,4.4,LOW
DP-1305,36.91,30.63,5.46,5.32,42.46,47.01,4,2,8.64,237.81,82.64,27,3.09,HIGH
DP-1306,58.34,69.42,0.0,3.6,82.48,36.14,4,1,3.6,261.69,80.41,60,5.2,MEDIUM
DP-1307,45.62,54.15,5.21,10.46,25.1,37.33,6,0,6.49,162.9,85.13,16,4.32,MEDIUM
DP-1308,64.9,69.0,0.0,1.49,56.89,58.19,2,0,2.57,186.97,69.76,36,4.73,LOW
DP-1309,80.33,71.74,10.57,0.95,84.95,91.16,6,1,7.41,243.73,86.97,17,5.23,LOW
DP-1310,17.21,11.54,4.93,0.0,5.0,5.54,8,2,15.0,239.64,84.01,34,1.28,HIGH
DP-1311,47.88,31.71,7.95,15.18,61.82,40.12,6,2,12.9,237.49,90.92,26,1.98,HIGH
DP-1312,40.62,49.09,1.89,0.0,46.61,55.28,3,2,0.0,119.19,87.97,62,3.87,MEDIUM
DP-1313,61.1,63.91,2.81,0.84,74.09,63.19,3,0,8.73,235.75,97.79,97,4.54,LOW
DP-1314,86.41,87.47,3.84,0.0,78.56,100.0,4,0,14.3,196.07,80.68,72,4.96,LOW
DP-1315,63.79,63.95,2.88,2.9,62.9,53.52,7,1,9.06,365.35,81.33,46,4.29,MEDIUM
DP-1316,76.98,74.76,0.0,0.0,89.04,100.0,2,0,7.94,252.01,83.66,4,6.11,LOW
DP-1317,72.09,63.77,0.0,0.0,86.8,82.13,4,1,10.51,206.74,86.2,37,6.11,LOW
DP-1318,57.9,48.7,0.0,2.71,51.18,77.47,4,0,16.11,188.18,91.44,6,4.07,MEDIUM
DP-1319,83.04,84.83,0.32,0.0,78.18,78.73,2,0,5.92,185.37,79.15,66,6.42,LOW
DP-1320,70.27,65.94,0.0,8.56,57.7,74.23,1,0,2.1,89.25,85.12,43,5.23,LOW
DP-1321,56.79,50.33,1.82,5.5,67.54,41.35,8,1,7.45,289.15,87.75,23,4.01,MEDIUM
DP-1322,83.93,71.61,6.55,6.7,69.23,100.0,2,0,9.29,170.75,88.47,58,6.51,LOW
DP-1323,80.69,76.76,1.88,0.0,83.33,84.23,3,0,9.07,261.63,88.5,16,6.58,LOW
DP-1324,71.99,81.95,4.52,2.66,90.99,82.55,3,0,13.63,296.53,69.79,61,5.59,LOW
DP-1325,63.88,62.69,1.56,2.97,52.92,53.57,3,0,8.71,158.29,85.44,22,5.3,LOW
DP-1326,66.06,58.53,0.0,8.07,45.32,77.2,3,0,10.27,153.03,79.11,11,3.72,MEDIUM
DP-1327,74.21,66.59,0.0,0.0,78.25,99.18,5,0,7.14,213.9,85.59,29,5.8,LOW
DP-1328,48.51,33.46,4.83,8.48,37.8,84.89,3,0,15.93,140.91,81.86,7,3.11,MEDIUM
DP-1329,90.61,94.3,0.0,4.22,89.29,98.04,3,0,3.02,252.24,80.22,54,5.65,LOW
DP-1330,53.94,67.54,10.53,5.31,53.29,74.13,4,1,15.35,195.15,69.81,25,5.33,MEDIUM
DP-1331,63.63,73.26,0.0,2.18,60.97,61.75,6,1,11.2,217.08,88.89,13,6.13,HIGH
DP-1332,83.29,89.53,0.0,1.9,96.52,93.49,4,0,3.32,200.15,89.58,69,4.77,LOW
DP-1333,27.43,8.02,0.0,0.0,5.0,16.63,5,1,15.1,251.87,89.51,83,2.15,MEDIUM
DP-1334,37.02,38.8,1.07,5.3,12.6,40.71,10,3,10.33,141.58,75.75,17,3.76,HIGH
DP-1335,78.3,84.11,4.98,6.42,74.69,72.28,3,0,7.86,91.56,92.61,44,5.22,LOW
DP-1336,41.3,26.73,0.0,4.75,42.22,35.39,1,0,10.58,135.85,75.53,28,3.16,MEDIUM
DP-1337,92.72,86.23,0.0,0.0,95.54,83.87,2,0,2.37,205.38,84.6,54,5.23,LOW
DP-1338,82.26,92.99,0.86,7.18,81.65,60.75,3,0,14.27,334.76,85.79,10,6.83,LOW
DP-1339,67.33,79.1,0.0,4.33,38.67,87.03,0,0,7.76,135.66,85.76,22,5.98,LOW
DP-1340,35.37,18.79,11.25,6.04,27.47,0.0,4,0,21.62,187.7,74.39,28,2.46,MEDIUM
DP-1341,82.31,67.78,2.58,1.03,78.97,73.33,0,0,2.98,125.28,89.42,20,4.59,LOW
DP-1342,57.8,61.46,14.79,7.56,36.1,43.42,4,0,12.01,129.45,85.53,21,3.95,MEDIUM
DP-1343,65.41,74.11,0.0,1.35,78.46,77.56,4,1,1.12,160.0,77.0,54,5.24,LOW
DP-1344,70.39,65.5,0.0,11.2,75.73,70.57,6,0,2.25,112.97,91.33,43,4.64,LOW
DP-1345,70.52,79.99,14.12,7.37,52.26,65.84,1,1,4.95,158.45,89.23,9,4.69,LOW
DP-1346,73.32,69.03,8.01,0.0,80.52,81.62,3,0,8.49,240.64,88.86,36,4.73,LOW
DP-1347,70.34,66.29,1.29,0.0,69.24,74.96,4,0,10.48,107.06,89.94,19,6.02,LOW
DP-1348,39.28,36.85,0.0,18.26,58.58,60.05,4,0,0.0,203.83,86.11,40,5.64,MEDIUM
DP-1349,77.59,79.94,3.47,0.0,77.83,86.41,2,0,8.39,271.93,84.75,14,6.25,LOW
DP-1350,11.02,10.0,7.92,10.4,8.01,9.14,8,0,16.12,188.72,70.67,64,0.99,HIGH
DP-1351,35.25,31.46,8.83,11.2,40.55,32.21,3,2,12.04,239.33,75.54,21,2.49,MEDIUM
DP-1352,58.34,75.86,6.09,11.33,80.01,79.55,4,1,8.11,80.0,82.11,18,6.02,LOW
DP-1353,80.3,85.78,6.87,0.0,71.47,81.48,7,0,5.86,151.46,94.81,22,6.42,LOW
DP-1354,24.78,28.67,16.59,4.11,23.05,26.28,5,0,17.78,212.35,83.3,14,0.33,HIGH
DP-1355,23.35,10.82,2.16,4.9,8.33,41.45,6,4,13.69,274.62,74.02,46,0.44,HIGH
DP-1356,82.02,85.92,2.97,0.0,75.45,83.16,2,0,17.47,117.53,72.1,17,6.25,LOW
DP-1357,40.17,57.08,0.0,2.52,47.41,51.05,5,0,19.88,188.07,84.68,9,3.46,MEDIUM
DP-1358,51.22,55.81,0.0,16.83,40.89,56.19,6,1,0.24,181.85,100.0,15,3.71,HIGH
DP-1359,42.45,34.96,3.37,6.27,60.68,36.77,2,1,17.34,187.58,82.6,46,1.69,MEDIUM
DP-1360,62.79,72.27,0.0,0.0,63.18,72.7,8,1,10.36,219.96,75.73,11,5.71,MEDIUM
DP-1361,67.94,75.34,0.0,1.3,49.43,63.34,6,1,11.19,190.89,73.91,22,4.91,LOW
DP-1362,70.51,64.67,3.9,2.18,69.93,84.02,5,0,7.7,147.28,95.27,29,4.56,LOW
DP-1363,61.59,48.23,13.59,0.0,60.24,45.23,2,0,13.85,164.28,86.02,22,3.46,MEDIUM
DP-1364,25.9,35.5,6.17,0.0,34.18,47.58,4,0,11.1,186.68,80.21,12,2.28,MEDIUM
DP-1365,64.54,62.42,1.56,16.07,72.28,54.91,7,1,6.81,212.18,73.12,15,3.78,MEDIUM
DP-1366,82.13,60.31,0.0,2.46,90.38,100.0,3,0,0.8,225.22,88.11,8,5.06,LOW
DP-1367,42.75,31.98,4.34,13.43,39.14,37.38,5,0,12.59,311.24,82.02,24,3.93,MEDIUM
DP-1368,64.38,68.49,6.04,0.0,57.62,50.85,3,1,4.77,80.0,86.97,29,4.86,LOW
DP-1369,87.96,77.49,12.38,6.23,68.96,88.35,5,0,9.52,135.42,85.73,24,5.04,LOW
DP-1370,71.68,63.17,10.84,0.0,78.67,77.44,4,1,13.62,271.47,69.56,19,4.52,MEDIUM
DP-1371,41.83,50.39,10.93,6.74,42.8,49.11,5,0,18.41,127.93,83.62,20,3.2,MEDIUM
DP-1372,79.26,100.0,0.0,0.0,70.98,81.64,2,1,0.0,157.28,90.26,36,7.95,LOW
DP-1373,64.06,54.39,0.0,0.27,65.43,49.5,1,0,12.45,175.02,93.19,54,3.41,LOW
DP-1374,17.79,9.71,6.4,4.54,36.08,4.51,5,0,12.66,159.34,93.37,18,1.01,MEDIUM
DP-1375,50.36,67.33,2.71,6.46,66.12,45.81,9,1,9.68,202.61,80.59,8,6.47,MEDIUM
DP-1376,34.76,28.9,16.36,0.0,52.96,46.93,9,1,4.04,180.07,73.93,15,2.37,HIGH
DP-1377,82.19,87.27,0.0,0.0,95.16,73.18,5,0,11.33,205.79,91.94,19,6.99,LOW
DP-1378,31.01,35.09,3.18,0.0,43.32,42.14,3,1,19.95,362.14,83.66,36,3.3,MEDIUM
DP-1379,53.27,71.77,1.57,5.05,42.91,41.71,4,1,3.41,275.63,85.77,6,5.07,MEDIUM
DP-1380,36.68,29.53,6.93,13.21,58.12,31.63,5,0,2.65,219.74,82.94,30,2.91,MEDIUM
DP-1381,43.82,42.33,2.22,10.61,48.94,20.95,8,0,14.06,248.62,96.88,16,4.1,HIGH
DP-1382,73.24,74.94,1.9,8.28,61.84,82.21,1,0,6.95,268.93,79.91,23,6.54,LOW
DP-1383,40.79,20.37,6.35,7.84,31.33,47.79,5,1,14.13,175.22,86.22,34,2.22,HIGH
DP-1384,86.61,92.6,0.0,0.0,72.39,99.08,2,0,9.22,201.56,77.97,32,6.2,LOW
DP-1385,61.53,63.94,0.0,10.48,69.77,70.38,4,0,6.57,214.64,86.44,28,5.65,LOW
DP-1386,38.82,35.15,8.38,2.31,30.51,37.63,1,0,1.89,153.12,95.97,6,2.97,LOW
DP-1387,57.26,64.07,2.73,12.78,47.84,66.01,1,1,20.25,294.88,77.79,21,5.79,MEDIUM
DP-1388,33.99,30.1,0.0,8.81,38.57,38.14,1,1,14.19,134.01,90.52,69,5.01,LOW
DP-1389,62.18,70.48,6.71,3.4,79.15,81.69,1,0,13.97,198.73,76.03,19,4.43,LOW
DP-1390,83.08,84.19,0.0,1.34,95.23,100.0,2,0,3.62,291.5,90.48,72,5.04,LOW
DP-1391,69.37,78.38,0.0,3.55,72.16,62.54,3,0,5.41,194.15,75.04,57,6.61,LOW
DP-1392,30.68,12.3,9.08,13.06,14.82,42.64,5,2,7.15,145.61,90.31,13,1.08,HIGH
DP-1393,54.28,44.62,4.96,0.0,70.81,36.13,3,0,13.42,149.18,67.57,15,3.57,MEDIUM
DP-1394,17.7,35.07,12.87,9.07,13.01,35.42,8,1,14.68,298.65,73.94,58,3.32,HIGH
DP-1395,85.3,82.09,3.51,5.48,97.94,79.7,1,0,15.32,201.04,85.93,12,4.54,LOW
DP-1396,47.13,58.32,0.0,0.0,39.5,72.48,3,0,23.85,203.84,99.4,13,5.03,MEDIUM
DP-1397,46.53,69.35,8.82,7.69,62.14,65.09,3,0,19.81,241.61,83.99,25,5.92,MEDIUM
DP-1398,74.61,63.65,9.37,0.0,78.05,82.23,1,0,12.13,99.03,80.22,43,3.56,LOW
DP-1399,32.63,59.39,6.05,4.73,43.22,15.94,5,1,17.88,90.25,86.91,59,3.75,HIGH
DP-1400,18.15,5.0,0.61,0.0,30.8,4.05,5,1,19.42,179.25,83.98,23,2.33,HIGH
DP-1401,51.69,42.82,0.0,3.9,22.52,69.9,3,0,11.55,132.31,75.71,68,4.74,LOW
DP-1402,16.55,5.5,11.63,8.9,43.8,18.76,4,1,18.77,284.71,68.16,11,1.52,HIGH
DP-1403,47.39,43.75,0.0,7.23,62.52,40.05,8,2,14.03,272.51,65.44,13,3.98,HIGH
DP-1404,85.53,100.0,2.47,8.63,83.81,100.0,5,0,2.41,208.33,82.84,2,6.45,LOW
DP-1405,73.08,75.4,0.0,5.73,60.56,80.05,7,2,2.69,165.7,86.17,45,6.02,MEDIUM
DP-1406,83.49,82.77,0.05,3.05,89.35,87.1,1,0,13.6,185.15,93.83,18,5.83,LOW
DP-1407,95.88,100.0,3.07,0.0,90.52,81.25,1,0,0.53,192.9,77.41,31,6.27,LOW
DP-1408,63.49,87.06,1.78,9.5,69.02,71.62,2,0,15.88,219.31,79.21,14,5.84,LOW
DP-1409,89.22,100.0,0.0,4.49,100.0,81.65,4,0,1.58,132.96,87.46,25,6.14,LOW
DP-1410,33.92,23.2,3.43,2.78,12.98,56.37,6,1,9.76,178.01,96.88,53,3.87,MEDIUM
DP-1411,69.17,76.57,2.21,0.0,72.05,61.5,4,0,11.26,263.66,85.25,31,6.15,LOW
DP-1412,78.31,81.19,8.25,1.9,77.73,92.83,4,0,0.0,80.0,80.53,9,5.56,LOW
DP-1413,52.42,64.42,2.55,2.9,58.4,63.33,4,1,5.23,259.9,76.93,15,4.5,MEDIUM
DP-1414,61.19,65.9,3.44,1.24,74.81,43.79,4,1,11.0,250.98,86.76,13,4.03,MEDIUM
DP-1415,25.89,36.13,9.39,1.92,23.87,11.56,7,1,7.99,171.75,82.3,25,2.86,MEDIUM
DP-1416,93.47,98.18,0.0,4.18,100.0,87.78,6,0,0.0,184.14,89.3,60,6.45,LOW
DP-1417,78.93,84.31,4.33,0.0,74.13,71.57,9,0,2.96,212.3,87.8,18,6.47,LOW
DP-1418,75.35,75.93,0.0,0.0,94.07,65.32,6,0,2.25,327.43,79.38,14,5.51,LOW
DP-1419,69.36,64.27,0.36,0.0,86.38,72.12,4,0,12.69,120.72,95.79,11,4.41,LOW
DP-1420,62.36,61.18,0.0,3.76,68.14,66.57,4,0,19.45,301.38,90.38,37,5.8,LOW
DP-1421,65.2,65.37,3.68,11.99,71.43,54.08,6,0,8.85,224.89,80.59,36,6.38,LOW
DP-1422,79.8,74.91,13.93,6.52,83.47,58.23,6,0,11.46,251.29,83.86,26,6.07,MEDIUM
DP-1423,60.23,57.8,2.21,14.31,51.78,55.79,2,0,5.91,251.9,83.93,33,4.58,LOW
DP-1424,63.27,63.89,6.59,6.12,62.44,71.25,6,1,10.42,132.37,72.77,22,5.15,MEDIUM
DP-1425,64.7,64.84,4.88,8.2,54.56,73.31,1,0,17.57,199.6,79.35,5,2.57,MEDIUM
DP-1426,51.0,44.02,6.04,8.71,45.25,73.13,4,1,11.19,209.67,77.52,40,2.39,MEDIUM
DP-1427,61.11,84.37,6.56,3.81,58.01,75.35,1,0,5.9,219.21,99.25,29,7.14,LOW
DP-1428,86.26,78.35,4.93,9.26,100.0,86.46,3,0,11.17,158.27,86.48,40,5.81,LOW
DP-1429,81.35,75.57,0.0,12.75,74.47,82.43,2,0,13.43,167.75,93.34,27,5.81,LOW
DP-1430,39.45,40.42,3.72,0.0,54.78,39.09,5,0,14.26,228.17,88.52,26,4.61,MEDIUM
DP-1431,44.21,36.13,0.0,3.22,33.21,29.27,4,0,13.8,272.58,80.73,10,3.32,LOW
DP-1432,50.08,57.11,1.41,1.17,28.6,55.6,3,2,5.26,198.22,91.04,41,4.62,LOW
DP-1433,97.12,78.87,10.46,0.0,82.67,100.0,2,0,1.47,170.36,81.02,16,5.29,LOW
DP-1434,38.94,25.48,2.07,5.95,52.9,29.75,6,0,9.79,169.9,82.16,8,3.57,HIGH
DP-1435,24.44,34.65,1.66,18.95,15.01,37.12,6,2,6.75,80.0,82.82,12,2.28,HIGH
DP-1436,62.03,69.88,0.0,0.76,72.8,81.5,6,0,0.0,280.63,84.03,16,5.58,MEDIUM
DP-1437,57.89,48.76,0.0,6.4,54.1,57.22,2,0,4.17,134.45,84.32,16,3.91,LOW
DP-1438,44.81,51.67,3.4,5.98,66.09,25.41,8,2,15.01,295.11,94.75,21,3.04,HIGH
DP-1439,67.61,68.59,6.51,1.12,75.39,78.27,2,1,12.35,265.88,78.71,11,4.99,MEDIUM
DP-1440,18.3,17.29,19.84,15.02,42.76,17.71,4,1,13.31,151.25,77.29,18,0.93,HIGH
DP-1441,64.52,62.44,1.08,0.0,52.84,40.49,2,1,14.97,188.04,77.9,25,4.09,MEDIUM
DP-1442,48.4,29.06,0.0,2.75,57.1,53.89,4,0,8.34,173.4,87.09,21,2.05,LOW
DP-1443,31.32,20.65,8.82,15.77,56.28,37.21,8,3,10.56,388.77,77.9,48,2.45,HIGH
DP-1444,66.2,57.59,1.27,0.0,75.37,33.56,3,1,0.0,170.43,82.06,67,5.64,LOW
DP-1445,80.41,74.43,11.57,6.55,86.63,100.0,1,0,12.0,144.89,66.11,25,4.55,LOW
DP-1446,57.75,57.63,3.31,8.11,67.59,74.39,3,0,7.75,105.57,82.82,36,5.39,LOW
DP-1447,60.8,53.78,5.8,9.19,32.23,70.25,4,1,1.63,331.99,85.36,12,4.09,LOW
DP-1448,66.82,70.62,1.44,3.61,48.76,62.34,3,0,13.17,102.35,94.64,12,5.69,LOW
DP-1449,45.94,50.62,5.11,11.37,38.0,64.72,1,0,9.71,259.48,75.37,15,3.72,MEDIUM
DP-1450,22.65,25.91,0.98,12.54,22.23,19.59,3,0,13.45,292.98,86.09,13,2.96,HIGH
DP-1451,44.77,45.69,0.0,9.71,42.32,48.92,8,2,5.84,219.61,90.88,43,2.79,HIGH
DP-1452,10.48,19.82,9.88,3.51,28.44,3.96,1,0,19.93,141.62,91.34,29,2.01,MEDIUM
DP-1453,70.3,55.59,0.97,0.0,86.11,76.01,2,1,8.72,210.67,77.26,53,5.49,LOW
DP-1454,50.05,38.42,6.68,8.67,71.48,28.14,5,0,8.72,230.29,100.0,50,4.28,LOW
DP-1455,34.12,25.06,15.64,0.0,19.76,26.37,6,0,11.71,203.62,90.8,79,2.4,MEDIUM
DP-1456,41.29,39.25,17.36,0.0,36.77,45.05,5,1,19.07,272.66,80.76,29,3.0,HIGH
DP-1457,73.65,79.4,5.72,3.72,89.22,70.62,1,0,9.4,270.57,85.15,14,5.65,LOW
DP-1458,46.72,40.17,9.2,6.78,43.39,60.62,6,1,6.87,300.85,86.32,51,2.37,MEDIUM
DP-1459,75.12,69.46,12.47,8.8,60.1,73.7,0,0,17.41,234.91,88.25,50,4.36,LOW
DP-1460,44.71,34.83,13.95,4.05,37.09,40.56,6,1,9.97,246.88,80.89,4,2.79,HIGH
DP-1461,85.01,91.51,0.0,9.9,96.26,84.88,2,0,8.94,182.36,90.23,40,7.14,LOW
DP-1462,43.32,40.17,0.0,3.0,51.63,36.71,7,1,5.07,143.79,76.64,28,4.05,MEDIUM
DP-1463,59.15,56.07,6.54,14.83,60.47,60.9,1,0,13.68,154.92,82.56,12,4.82,MEDIUM
DP-1464,68.28,44.02,6.8,7.34,83.26,70.91,3,0,12.47,246.74,82.97,35,3.55,LOW
DP-1465,46.06,52.0,0.39,1.98,51.24,46.16,2,0,16.68,193.29,82.78,20,5.49,MEDIUM
DP-1466,65.22,57.73,6.75,3.11,71.91,37.37,4,0,7.99,181.01,85.29,19,3.86,LOW
DP-1467,53.74,33.27,0.0,8.52,77.75,29.88,6,1,7.47,225.12,85.78,6,4.47,MEDIUM
DP-1468,33.71,27.15,0.0,2.52,31.3,28.43,2,1,1.17,211.36,71.29,14,3.08,MEDIUM
DP-1469,76.17,47.77,0.0,0.47,86.35,65.31,0,0,0.0,276.24,87.13,74,3.04,LOW
DP-1470,69.86,83.12,5.7,7.82,70.84,59.37,2,1,13.5,203.42,74.89,15,5.95,LOW
DP-1471,72.16,60.57,5.13,3.8,38.04,65.15,5,0,7.55,165.25,75.68,24,4.65,LOW
DP-1472,43.35,49.62,10.54,7.63,54.39,37.96,3,1,8.32,201.35,87.48,57,3.87,MEDIUM
DP-1473,46.13,33.26,0.0,0.0,57.22,64.26,2,0,22.19,227.22,82.29,77,3.77,MEDIUM
DP-1474,84.06,77.26,0.84,2.72,87.77,72.06,6,1,5.15,291.23,84.38,16,5.27,LOW
DP-1475,59.02,52.71,0.0,12.01,55.55,79.7,2,0,5.5,169.03,92.65,18,3.92,LOW
DP-1476,39.0,30.41,0.11,16.91,40.59,18.91,1,0,11.02,133.7,72.99,23,2.7,LOW
DP-1477,63.21,72.57,0.87,11.84,50.95,63.31,4,0,6.11,122.39,81.35,47,5.2,MEDIUM
DP-1478,86.29,100.0,0.0,0.0,100.0,69.83,3,0,5.63,244.17,84.86,18,6.74,LOW
DP-1479,23.83,39.91,8.45,2.98,21.53,28.41,6,0,25.67,268.12,80.9,53,3.76,HIGH
DP-1480,79.73,85.0,2.21,0.0,74.6,78.76,6,0,3.15,170.81,80.4,20,4.33,LOW
DP-1481,59.92,68.75,5.31,0.94,61.51,50.47,6,2,0.0,196.64,82.29,18,5.01,MEDIUM
DP-1482,67.15,68.82,11.74,5.59,78.22,60.06,2,0,16.16,136.1,79.79,61,3.13,MEDIUM
DP-1483,81.56,76.36,5.83,18.07,68.07,85.55,3,1,10.1,112.71,73.73,27,4.83,LOW
DP-1484,66.41,68.85,0.0,8.98,71.46,69.5,4,0,8.67,146.97,80.75,34,5.58,LOW
DP-1485,38.77,54.65,5.14,7.72,48.81,20.88,7,1,17.47,371.13,72.65,42,4.71,MEDIUM
DP-1486,28.36,21.67,9.15,4.98,34.5,28.79,7,1,13.36,220.05,87.4,19,1.7,HIGH
DP-1487,69.06,48.04,0.83,8.93,57.9,59.64,2,0,0.0,107.07,88.05,38,4.56,LOW
DP-1488,49.69,56.54,2.1,0.0,55.97,37.85,3,1,16.63,160.39,81.41,26,3.95,MEDIUM
DP-1489,88.16,99.54,0.0,2.48,90.66,82.15,1,0,4.36,171.4,84.7,26,6.33,LOW
DP-1490,74.5,62.3,3.36,0.0,74.39,64.02,2,0,10.35,231.36,88.34,22,4.54,LOW
DP-1491,25.92,22.28,10.02,11.53,30.87,20.69,4,3,21.0,238.07,84.88,21,1.27,HIGH
DP-1492,29.81,39.21,0.0,13.47,31.47,24.38,3,0,14.33,260.31,88.13,9,4.12,MEDIUM
DP-1493,17.86,44.3,8.23,4.43,5.0,34.52,5,0,18.78,157.05,82.39,51,5.14,MEDIUM
DP-1494,66.52,66.72,0.0,8.98,65.13,73.35,2,0,12.76,80.0,93.4,25,5.86,LOW
DP-1495,46.14,47.17,13.2,7.61,45.83,8.99,4,1,0.0,267.67,85.54,15,3.94,MEDIUM
DP-1496,42.98,42.91,7.84,7.21,29.01,26.96,6,1,13.85,248.49,81.73,63,4.53,MEDIUM
DP-1497,24.63,27.6,16.11,12.73,25.13,0.0,3,1,13.82,143.3,64.13,36,1.56,HIGH
DP-1498,62.61,52.12,0.0,7.78,71.72,60.73,3,2,3.07,243.51,70.59,46,4.48,HIGH
DP-1499,33.99,58.64,1.0,9.53,29.76,41.21,6,2,12.78,269.7,81.19,40,4.56,HIGH
DP-1500,41.67,28.95,10.28,11.73,39.35,41.23,4,0,14.64,233.5,91.85,26,3.05,MEDIUM
DP-1501,31.05,37.78,3.7,10.48,21.39,31.09,6,1,5.69,204.08,79.59,17,3.91,HIGH
DP-1502,58.27,56.28,0.92,4.11,62.44,49.84,1,0,0.0,276.54,93.97,36,4.25,MEDIUM
DP-1503,50.27,51.07,8.32,9.15,48.54,69.89,7,0,0.0,329.27,93.91,7,4.99,MEDIUM
DP-1504,85.46,94.55,0.0,11.44,100.0,100.0,1,0,9.32,155.39,84.04,28,7.27,LOW
DP-1505,36.8,29.73,8.79,10.58,47.52,31.05,5,0,11.34,183.98,91.75,51,2.79,MEDIUM
DP-1506,60.99,59.04,0.0,0.0,51.14,88.57,7,1,12.61,206.97,90.66,65,4.42,MEDIUM
DP-1507,75.18,64.55,0.0,8.16,71.0,72.37,2,1,0.0,185.09,93.45,34,4.39,LOW
DP-1508,45.77,65.02,0.0,8.17,40.82,46.26,2,0,12.82,264.21,89.82,22,4.52,LOW
DP-1509,64.19,59.26,2.07,16.19,40.46,64.88,6,1,13.87,181.41,86.89,30,5.67,MEDIUM
DP-1510,37.11,34.02,2.77,13.54,47.81,34.97,8,1,8.31,223.07,80.76,13,2.4,HIGH
DP-1511,68.14,68.97,0.0,3.29,70.5,56.94,4,0,8.89,235.31,91.69,18,6.5,LOW
DP-1512,84.2,96.11,0.0,2.78,76.78,86.42,2,0,7.0,80.0,95.1,19,6.91,LOW
DP-1513,52.02,71.35,0.47,0.0,48.56,49.69,7,2,13.46,170.44,88.36,76,5.68,MEDIUM
DP-1514,87.47,66.21,0.65,7.34,71.08,79.67,1,0,1.28,148.0,91.49,19,5.22,LOW
DP-1515,67.38,81.59,5.09,9.33,50.63,58.41,4,0,7.24,251.54,94.21,44,6.65,LOW
DP-1516,59.79,49.56,0.17,4.97,59.5,60.84,5,0,12.64,364.94,86.77,12,3.96,LOW
DP-1517,60.42,52.71,8.25,0.0,54.24,65.76,8,0,9.94,135.83,76.45,17,3.99,MEDIUM
DP-1518,74.02,63.93,1.81,3.53,75.27,92.4,2,0,7.88,179.56,91.09,37,4.68,LOW
DP-1519,76.14,76.4,0.91,5.05,66.04,86.55,4,1,11.4,111.62,81.05,25,5.91,MEDIUM
DP-1520,50.9,36.75,1.92,0.0,46.75,31.23,9,1,3.15,252.02,99.14,12,2.98,MEDIUM
DP-1521,72.06,78.59,10.78,0.0,62.68,64.83,3,0,14.22,328.84,84.32,16,5.74,LOW
DP-1522,46.4,42.39,0.0,3.13,75.23,67.93,2,1,13.64,287.34,90.27,19,4.67,LOW
DP-1523,58.36,70.05,6.09,13.97,45.82,55.37,0,0,19.65,217.02,92.25,89,5.33,LOW
DP-1524,67.54,63.35,7.23,6.38,70.16,77.49,4,1,7.72,80.0,87.9,11,4.38,MEDIUM
DP-1525,89.32,87.28,3.7,0.17,87.57,100.0,2,0,8.93,259.62,91.49,32,6.19,LOW
DP-1526,66.82,54.02,8.9,0.0,82.21,40.69,2,1,7.92,111.2,85.6,27,3.31,LOW
DP-1527,62.39,86.53,8.83,2.05,70.08,83.5,4,0,12.35,181.68,96.53,22,5.88,LOW
DP-1528,68.11,73.73,0.0,0.0,55.24,45.14,6,3,6.79,172.56,86.33,33,5.54,HIGH
DP-1529,51.39,40.83,3.46,3.32,35.61,37.37,5,0,17.44,187.06,75.69,29,3.58,MEDIUM
DP-1530,50.18,71.21,12.06,14.62,45.33,40.28,2,1,13.0,145.68,75.05,37,4.24,MEDIUM
DP-1531,75.0,44.95,0.0,9.37,77.54,56.16,3,0,0.0,115.58,85.65,41,3.95,LOW
DP-1532,63.3,69.3,0.0,5.64,60.71,73.83,4,1,24.39,238.59,87.69,17,4.44,LOW
DP-1533,37.24,44.24,7.47,8.05,52.67,45.27,2,1,5.55,291.36,89.54,15,3.42,MEDIUM
DP-1534,50.03,56.75,6.73,1.27,64.32,43.29,4,0,12.59,195.72,86.12,36,3.35,LOW
DP-1535,75.19,69.69,6.17,5.26,75.75,100.0,7,0,10.54,186.9,80.31,22,4.43,LOW
DP-1536,66.1,49.01,1.87,16.03,68.46,82.64,5,0,15.19,241.05,71.74,36,3.85,MEDIUM
DP-1537,62.21,45.14,0.0,0.62,72.48,67.49,1,0,4.6,107.27,90.6,34,4.2,LOW
DP-1538,82.04,93.84,0.0,0.76,75.68,87.8,5,0,3.3,307.35,82.89,24,8.0,LOW
DP-1539,31.68,7.87,9.95,12.63,36.43,18.08,5,1,7.08,246.42,82.05,34,1.06,HIGH
DP-1540,76.95,59.04,14.83,3.79,80.12,96.14,2,0,0.1,273.62,85.72,36,3.6,MEDIUM
DP-1541,43.51,45.12,9.01,5.09,48.07,46.83,8,1,12.02,182.64,81.41,39,2.35,HIGH
DP-1542,60.72,39.21,0.0,7.35,50.19,65.23,6,0,0.22,297.51,92.54,15,2.79,MEDIUM
DP-1543,33.75,27.05,4.19,10.62,36.78,22.91,6,0,15.86,265.53,80.85,10,2.95,HIGH
DP-1544,64.2,65.98,2.02,4.2,79.52,66.14,1,0,10.62,214.32,85.42,18,4.89,LOW
DP-1545,82.4,67.95,0.0,6.87,86.53,91.89,4,1,13.0,194.42,86.54,10,6.05,LOW
DP-1546,89.82,94.45,17.1,3.6,84.72,77.85,5,0,6.87,250.37,83.02,23,6.16,LOW
DP-1547,50.87,49.14,12.95,10.44,54.06,26.14,4,1,14.97,192.61,78.54,27,3.08,HIGH
DP-1548,72.05,75.86,3.63,2.02,79.91,80.75,3,0,0.0,234.62,88.45,10,4.76,LOW
DP-1549,79.99,71.7,0.0,14.98,56.64,65.14,0,0,3.47,146.03,85.07,26,6.07,LOW
DP-1550,76.5,72.74,0.0,11.47,39.69,88.77,1,0,0.0,168.33,76.84,17,5.67,LOW
DP-1551,78.28,84.63,0.0,9.87,100.0,64.49,5,0,7.41,212.68,74.58,50,6.66,LOW
DP-1552,76.3,82.55,0.0,7.84,69.65,87.42,3,0,0.0,80.0,97.9,39,6.51,LOW
DP-1553,48.54,55.09,0.0,10.5,53.17,60.89,7,1,5.74,327.38,95.55,21,4.95,MEDIUM
DP-1554,67.82,66.83,8.39,2.64,64.38,48.59,5,2,7.27,80.0,78.14,6,4.68,HIGH
DP-1555,45.24,39.81,0.0,8.05,63.2,33.14,6,0,0.45,87.02,78.44,4,4.06,MEDIUM
DP-1556,50.1,80.94,0.0,0.0,64.98,69.61,8,0,10.7,84.19,83.51,46,4.87,LOW
DP-1557,39.0,62.89,1.0,10.85,46.23,58.64,3,1,3.78,80.0,96.95,28,5.25,MEDIUM
DP-1558,59.58,69.02,0.0,3.11,47.72,46.89,5,0,6.14,315.81,100.0,41,4.41,LOW
DP-1559,43.31,44.54,11.53,12.04,14.37,53.9,5,2,5.12,200.84,84.38,20,3.41,HIGH
DP-1560,71.33,53.68,0.0,8.95,92.1,74.67,4,1,2.46,137.91,83.7,27,3.89,LOW
DP-1561,47.66,60.47,22.64,18.15,66.44,46.25,3,0,13.29,239.86,81.87,23,3.8,MEDIUM
DP-1562,66.12,55.94,0.0,12.05,66.79,61.97,4,0,16.43,192.49,96.84,10,6.36,LOW
DP-1563,32.84,34.54,6.37,8.56,25.4,32.92,1,0,12.42,267.96,73.96,42,2.91,MEDIUM
DP-1564,24.71,31.86,9.6,7.95,51.05,12.56,6,0,15.49,198.93,80.67,7,2.52,HIGH
DP-1565,31.92,39.96,9.72,4.66,41.18,48.75,6,0,15.72,262.43,85.05,48,4.2,HIGH
DP-1566,26.12,21.19,7.02,14.86,16.35,39.52,6,0,12.68,148.06,81.56,28,2.78,HIGH
DP-1567,61.89,69.69,4.37,0.0,83.7,66.28,3,0,6.94,108.41,91.23,12,5.15,LOW
DP-1568,42.03,34.28,7.4,0.0,48.41,48.25,2,0,9.14,152.95,77.6,34,2.32,MEDIUM
DP-1569,65.03,62.3,2.08,6.65,56.64,87.88,1,1,6.81,250.68,83.21,30,4.33,LOW
DP-1570,27.54,31.55,4.74,4.41,33.19,19.79,4,1,8.51,320.53,86.71,24,2.82,MEDIUM
DP-1571,52.27,47.63,0.0,3.63,70.93,57.94,4,0,2.09,288.34,90.9,40,3.86,LOW
DP-1572,79.8,86.1,0.0,1.01,70.0,100.0,0,0,3.25,173.16,82.72,22,5.9,LOW
DP-1573,58.4,75.63,0.0,6.36,50.67,65.92,3,0,0.0,80.0,80.37,15,4.91,MEDIUM
DP-1574,57.74,66.58,1.53,18.84,39.64,72.59,5,0,21.54,218.7,78.43,37,3.45,MEDIUM
DP-1575,46.04,61.04,6.86,11.77,35.74,49.01,2,0,11.36,257.4,80.48,40,5.34,LOW
DP-1576,82.36,69.06,15.5,1.17,54.35,81.14,5,1,7.31,234.63,83.65,10,6.17,MEDIUM
DP-1577,50.84,48.21,2.2,4.72,66.89,42.24,5,1,8.82,248.12,95.23,34,3.57,MEDIUM
DP-1578,73.43,79.34,0.0,6.18,63.66,62.07,1,0,6.86,226.39,83.6,36,6.11,LOW
DP-1579,34.83,35.37,3.03,5.17,32.99,43.54,5,1,12.99,290.66,86.88,13,2.99,HIGH
DP-1580,41.48,46.2,5.52,6.53,34.73,66.68,3,0,7.95,227.69,78.01,34,2.06,MEDIUM
DP-1581,29.67,29.2,11.54,9.58,20.2,31.03,2,0,9.62,169.45,82.47,77,2.25,MEDIUM
DP-1582,40.82,36.07,0.32,1.97,49.27,45.83,1,1,0.21,80.0,86.46,27,3.27,MEDIUM
DP-1583,62.23,63.12,0.0,8.44,59.56,77.98,1,0,4.51,90.77,76.36,52,5.31,LOW
DP-1584,69.33,80.76,8.07,0.0,47.8,56.1,2,0,9.14,258.19,86.83,67,5.41,LOW
DP-1585,65.81,83.57,7.64,0.0,74.39,72.16,3,1,14.01,234.8,77.38,10,5.87,MEDIUM
DP-1586,85.82,80.85,0.0,3.48,59.66,100.0,0,0,6.23,204.57,86.8,40,6.07,LOW
DP-1587,60.23,55.77,0.63,0.27,48.45,59.18,4,0,0.0,167.9,91.45,26,4.42,LOW
DP-1588,68.66,86.64,2.48,12.5,85.94,92.14,4,1,0.0,131.89,82.48,11,6.3,LOW
DP-1589,57.15,56.55,0.0,2.41,59.53,70.71,2,0,1.72,325.33,86.15,19,4.07,LOW
DP-1590,52.25,47.81,7.22,3.61,57.53,31.35,4,0,1.53,80.0,84.25,10,3.94,MEDIUM
DP-1591,66.22,57.7,7.44,0.51,78.63,62.63,2,0,10.76,194.45,87.35,14,3.61,MEDIUM
DP-1592,90.85,84.18,0.0,0.0,75.62,90.79,1,0,9.86,288.33,76.59,37,6.63,LOW
DP-1593,34.46,28.44,5.71,5.58,40.79,15.54,3,1,7.47,180.02,86.01,9,1.56,HIGH
DP-1594,58.82,48.95,2.16,0.0,61.54,45.68,6,2,6.75,251.76,75.6,41,4.98,HIGH
DP-1595,67.07,56.27,3.28,0.0,56.21,56.52,2,0,8.78,238.02,82.88,19,4.51,LOW
DP-1596,59.7,54.21,0.73,4.27,47.27,49.22,2,0,7.51,148.36,88.42,25,3.9,LOW
DP-1597,29.06,28.88,1.65,6.01,10.47,12.85,2,0,7.13,221.7,84.92,56,2.94,MEDIUM
DP-1598,29.93,12.52,6.89,6.52,23.13,28.33,9,1,9.2,259.01,75.24,27,3.16,HIGH
DP-1599,49.87,33.48,0.0,1.95,55.51,47.78,2,1,11.9,163.1,87.59,14,2.95,LOW
DP-1600,40.93,51.38,5.82,3.95,37.15,34.31,4,0,14.85,253.64,82.69,69,4.59,MEDIUM
DP-1601,87.89,100.0,0.0,2.96,74.13,81.64,2,0,7.09,155.57,96.16,34,7.94,LOW
DP-1602,71.99,76.17,6.04,0.0,70.09,75.37,4,0,6.9,249.41,79.75,5,5.49,LOW
DP-1603,41.94,35.5,4.41,7.57,14.45,50.65,4,0,0.94,178.72,85.35,37,3.8,MEDIUM
DP-1604,59.89,67.59,3.48,6.84,53.35,61.64,3,0,14.1,230.57,93.11,31,5.41,MEDIUM
DP-1605,89.87,86.08,7.53,10.88,85.77,100.0,1,0,0.0,147.33,89.59,12,6.69,LOW
DP-1606,56.87,46.0,2.53,0.0,49.27,64.05,4,1,11.74,413.76,94.83,2,2.83,MEDIUM
DP-1607,38.94,28.59,2.43,0.0,47.41,53.47,8,1,9.34,277.43,87.92,51,2.88,MEDIUM
DP-1608,84.93,87.85,0.71,1.2,71.68,77.85,2,1,2.56,235.17,81.94,41,5.06,LOW
DP-1609,76.53,100.0,3.33,7.79,92.89,67.16,1,0,8.84,276.56,79.79,24,6.45,LOW
DP-1610,80.5,91.99,0.0,8.43,74.16,68.83,1,0,12.91,191.38,84.08,41,6.31,LOW
DP-1611,66.25,59.91,0.48,3.23,89.6,79.72,2,0,4.8,256.61,89.29,36,4.45,LOW
DP-1612,53.42,50.46,14.08,5.31,46.55,73.35,5,1,12.77,162.17,86.82,25,3.17,HIGH
DP-1613,64.41,83.07,0.69,0.0,61.89,55.97,2,0,6.4,230.28,84.47,14,5.98,LOW
DP-1614,81.54,98.37,3.47,0.56,75.36,100.0,3,0,10.98,173.63,89.08,47,7.14,LOW
DP-1615,27.4,43.45,7.5,1.96,5.0,26.25,7,1,10.04,262.9,86.26,18,3.96,HIGH
DP-1616,52.03,53.4,0.0,0.0,59.24,45.67,9,3,11.34,146.32,88.19,20,3.69,HIGH
DP-1617,51.03,55.92,0.0,19.71,71.23,43.61,7,0,1.78,183.45,84.66,24,4.17,LOW
DP-1618,31.85,33.98,12.02,3.26,56.9,25.83,5,1,19.38,270.95,92.12,47,4.37,HIGH
DP-1619,57.4,46.83,2.4,8.56,79.34,30.55,4,1,3.87,167.24,93.55,30,4.63,MEDIUM
DP-1620,59.5,62.07,4.22,2.8,62.92,60.7,2,0,5.19,213.72,65.91,13,4.23,LOW
DP-1621,39.55,46.62,8.91,0.4,17.09,31.72,4,1,11.33,195.01,85.34,35,2.73,MEDIUM
DP-1622,62.41,79.37,4.06,0.0,63.72,91.75,8,0,1.17,81.19,69.12,25,5.54,LOW
DP-1623,77.77,69.24,0.0,0.17,60.83,77.63,4,0,9.78,96.56,77.61,25,6.04,LOW
DP-1624,66.0,76.03,10.29,0.0,70.68,71.25,3,0,14.52,156.12,78.01,44,6.34,LOW
DP-1625,65.4,54.67,16.87,0.0,72.26,70.27,1,0,12.22,184.11,88.53,16,3.16,LOW
DP-1626,31.77,42.03,9.68,7.89,31.59,36.49,7,0,10.73,162.64,74.51,48,3.1,MEDIUM
DP-1627,45.16,65.04,10.28,3.3,5.45,42.23,6,1,4.88,281.59,84.48,32,5.98,MEDIUM
DP-1628,44.1,66.71,2.32,0.0,29.72,54.63,3,0,8.95,278.41,81.18,45,4.94,LOW
DP-1629,64.12,53.81,10.86,1.1,68.25,68.71,6,1,6.07,183.45,84.65,29,4.22,MEDIUM
DP-1630,63.64,85.73,2.23,6.69,57.66,65.07,5,0,15.7,191.56,76.39,28,6.45,LOW
DP-1631,64.86,44.37,0.0,11.51,55.59,42.78,3,0,6.67,151.88,86.1,8,2.58,MEDIUM
DP-1632,53.6,52.33,5.02,7.15,80.07,77.07,4,2,0.0,310.93,67.5,8,4.91,MEDIUM
DP-1633,51.89,37.81,9.02,15.85,47.97,54.11,4,0,10.62,243.26,84.78,63,1.47,MEDIUM
DP-1634,87.83,100.0,3.68,0.0,89.0,98.16,1,0,3.32,252.51,76.12,20,5.78,LOW
DP-1635,76.0,75.61,0.0,4.05,80.73,78.49,2,1,0.0,166.41,92.35,28,5.86,LOW
DP-1636,32.91,45.34,7.22,0.0,15.77,22.56,7,1,20.05,111.13,80.24,32,3.48,HIGH
DP-1637,64.98,53.03,0.0,10.21,59.62,56.64,3,1,3.53,181.56,85.45,58,4.56,LOW
DP-1638,22.55,6.2,3.82,11.7,42.93,0.37,4,0,12.66,342.43,83.31,28,1.07,HIGH
DP-1639,50.99,33.43,9.52,10.98,44.9,34.14,4,1,15.59,159.24,98.82,48,2.47,MEDIUM
DP-1640,51.78,64.66,9.41,16.59,62.74,46.91,7,1,9.52,122.12,78.23,28,3.7,MEDIUM
DP-1641,82.05,100.0,5.93,2.93,91.36,80.96,1,0,11.77,269.92,86.35,34,7.3,LOW
DP-1642,71.6,57.05,0.0,0.72,91.36,75.56,0,0,7.47,171.55,92.0,23,4.29,LOW
DP-1643,88.51,100.0,0.0,0.0,89.68,84.7,1,0,14.19,260.36,80.69,6,6.96,LOW
DP-1644,69.07,58.12,3.64,0.0,52.06,72.21,4,0,0.0,281.55,94.74,8,4.28,LOW
DP-1645,38.19,42.17,6.16,19.95,27.69,38.5,7,2,18.28,95.99,81.12,39,4.14,HIGH
DP-1646,62.33,58.09,8.03,3.87,45.95,56.96,2,0,15.94,174.11,70.05,22,4.66,MEDIUM
DP-1647,16.8,10.48,10.0,9.36,15.06,19.65,6,1,9.98,293.42,80.96,33,1.13,HIGH
DP-1648,67.83,52.44,0.0,0.0,61.15,65.16,0,0,5.92,112.96,85.1,43,4.4,LOW
DP-1649,75.79,88.49,0.0,0.0,67.06,87.3,8,1,19.13,212.25,80.99,42,6.39,LOW
DP-1650,72.65,80.64,5.56,3.72,37.73,66.92,6,0,5.59,196.83,98.01,14,5.31,MEDIUM
DP-1651,75.23,73.7,5.11,0.0,93.66,87.5,4,1,3.1,145.77,88.63,18,5.15,LOW
DP-1652,79.43,65.86,12.16,9.75,86.97,77.86,1,0,5.11,158.19,78.32,41,5.4,LOW
DP-1653,35.29,23.83,0.0,8.06,36.59,33.83,4,0,9.92,188.96,89.55,12,2.82,MEDIUM
DP-1654,85.18,100.0,0.0,5.23,87.78,100.0,6,0,8.08,203.87,86.05,17,6.39,LOW
DP-1655,62.93,49.5,0.0,11.01,68.63,52.72,3,1,1.73,215.85,83.98,18,4.46,LOW
DP-1656,64.89,69.85,0.98,6.87,82.18,67.98,0,0,2.54,194.46,78.82,49,4.83,LOW
DP-1657,28.29,36.82,2.61,16.12,20.9,7.37,5,0,19.11,272.35,69.46,23,3.59,HIGH
DP-1658,64.64,56.59,7.72,0.0,76.98,80.26,3,0,1.4,112.89,98.74,17,5.39,LOW
DP-1659,19.72,21.64,0.0,3.61,42.09,13.76,5,1,18.93,272.03,78.79,35,1.51,HIGH
DP-1660,65.2,71.56,0.0,1.74,81.49,66.79,4,0,8.69,158.27,82.97,16,5.83,LOW
DP-1661,68.99,60.2,9.69,0.0,53.34,58.92,4,0,8.83,154.4,80.93,22,5.01,LOW
DP-1662,83.34,78.47,4.31,0.0,82.38,81.35,3,0,1.24,101.56,83.74,6,6.24,LOW
DP-1663,74.51,73.21,0.0,0.0,80.23,75.77,9,0,4.49,127.05,95.58,32,5.53,LOW
DP-1664,92.34,93.54,0.0,0.0,97.99,100.0,3,0,8.69,279.16,85.8,12,6.8,LOW
DP-1665,66.68,81.4,0.0,7.27,81.24,72.13,6,1,9.4,250.51,81.13,37,5.99,MEDIUM
DP-1666,60.29,42.31,2.3,10.1,72.42,72.97,4,0,17.03,227.96,81.64,73,2.81,MEDIUM
DP-1667,51.32,36.8,6.36,1.58,32.34,69.73,7,0,9.3,168.94,87.0,54,3.22,MEDIUM
DP-1668,26.14,17.92,8.46,10.37,56.3,29.74,2,0,15.58,264.38,77.8,32,1.81,MEDIUM
DP-1669,58.64,59.25,1.74,1.07,67.71,46.16,3,0,6.26,103.24,81.93,38,6.04,MEDIUM
DP-1670,39.74,26.95,1.37,11.6,47.11,50.02,8,1,12.75,202.42,81.9,5,3.17,HIGH
DP-1671,60.94,54.74,6.03,7.36,72.64,95.99,3,0,11.02,253.43,77.52,20,5.42,LOW
DP-1672,71.17,70.65,0.0,0.0,56.51,56.71,2,0,12.19,231.69,79.74,26,5.14,LOW
DP-1673,61.42,58.9,0.0,6.76,57.19,91.28,1,0,5.5,255.17,78.46,25,3.22,LOW
DP-1674,56.56,62.66,4.95,14.26,62.0,56.62,3,0,7.5,242.38,79.14,49,3.95,LOW
DP-1675,37.41,25.77,7.2,9.02,36.99,31.93,3,1,13.74,190.59,73.95,53,2.89,HIGH
DP-1676,40.5,26.68,4.64,12.23,59.95,18.79,6,1,1.78,101.92,85.53,29,2.4,MEDIUM
DP-1677,54.62,59.69,1.87,26.11,51.48,40.42,6,2,6.61,143.34,80.99,46,5.01,MEDIUM
DP-1678,55.98,52.62,2.39,11.38,68.95,49.83,4,2,9.26,95.74,79.21,11,5.22,MEDIUM
DP-1679,71.53,64.91,0.0,7.54,86.51,87.75,5,0,0.13,243.99,75.45,19,5.27,LOW
DP-1680,62.0,46.2,1.39,9.02,46.78,58.55,3,0,13.51,216.6,80.56,66,3.73,MEDIUM
DP-1681,51.37,51.9,5.99,2.12,26.49,61.91,3,1,10.74,174.42,83.11,20,3.74,MEDIUM
DP-1682,58.21,58.8,0.36,4.86,49.55,67.66,5,0,16.24,225.45,82.95,25,5.56,LOW
DP-1683,82.28,77.78,0.0,0.62,78.62,66.16,2,1,5.53,264.78,88.03,18,5.96,LOW
DP-1684,48.67,57.11,0.0,0.0,30.96,57.63,2,0,6.89,183.64,91.83,10,4.03,MEDIUM
DP-1685,43.94,43.76,8.68,9.32,45.44,48.26,6,2,28.4,194.72,79.06,50,4.12,HIGH
DP-1686,62.88,66.61,8.41,0.28,68.35,84.36,6,1,15.23,227.39,96.86,58,4.1,MEDIUM
DP-1687,33.49,17.34,10.75,7.62,23.1,39.45,4,1,10.69,170.92,71.06,22,1.19,MEDIUM
DP-1688,44.99,52.45,0.0,5.85,37.82,33.64,2,0,11.8,154.65,91.58,48,4.26,LOW
DP-1689,73.44,58.99,3.52,7.71,66.64,87.73,2,0,13.43,329.62,79.83,41,5.17,LOW
DP-1690,61.15,62.1,0.0,0.0,73.75,78.0,1,0,0.0,224.4,92.63,20,4.34,LOW
DP-1691,51.15,56.88,0.62,0.0,50.87,29.79,3,0,17.93,214.26,84.6,24,4.31,LOW
DP-1692,91.05,83.01,0.0,0.0,87.9,88.57,2,0,0.0,354.89,91.61,12,5.72,LOW
DP-1693,50.51,30.16,7.12,11.15,45.19,43.07,5,1,5.58,294.94,90.49,33,3.53,HIGH
DP-1694,62.69,65.28,0.0,0.0,59.87,75.12,5,2,7.96,273.13,79.93,45,3.94,MEDIUM
DP-1695,16.57,6.06,10.07,10.23,16.69,22.69,14,7,18.61,263.48,73.95,27,1.99,HIGH
DP-1696,55.5,68.54,3.64,1.62,68.73,52.35,3,1,14.99,114.11,85.67,25,6.04,LOW
DP-1697,83.53,100.0,10.83,0.0,100.0,100.0,3,0,10.12,100.68,91.04,27,6.83,LOW
DP-1698,22.18,18.22,7.09,12.73,5.0,7.54,6,3,16.47,199.63,67.87,43,3.36,HIGH
DP-1699,41.83,30.9,3.06,0.0,42.06,60.62,9,2,16.43,167.31,79.84,30,3.82,HIGH
DP-1700,53.54,57.93,10.19,7.93,42.25,33.09,7,0,9.49,165.54,71.94,4,3.32,MEDIUM
DP-1701,86.32,79.39,0.0,0.0,72.88,74.98,4,0,9.34,140.72,87.79,21,6.52,LOW
DP-1702,89.81,88.53,0.11,0.0,75.76,92.43,1,0,0.13,181.49,88.09,32,5.47,LOW
DP-1703,57.84,50.0,2.38,0.0,60.93,38.58,2,1,7.48,130.13,81.5,44,4.19,LOW
DP-1704,63.62,62.88,0.0,3.11,66.44,52.29,2,1,11.82,172.33,86.77,44,2.78,MEDIUM
DP-1705,66.99,82.88,2.03,0.0,84.58,56.56,1,0,3.21,87.68,90.6,42,7.06,LOW
DP-1706,54.34,51.24,0.0,2.02,58.29,48.3,1,0,6.55,197.44,92.04,24,3.46,LOW
DP-1707,75.98,63.57,2.42,0.96,80.1,75.47,6,0,12.09,159.51,84.34,16,4.12,LOW
DP-1708,76.04,58.99,2.04,0.0,71.42,100.0,3,1,9.01,240.34,88.98,5,3.33,HIGH
DP-1709,56.7,52.21,3.11,7.28,67.91,45.51,3,0,10.7,80.0,83.75,33,2.48,LOW
DP-1710,40.12,38.68,0.28,15.19,41.93,36.2,9,3,12.0,226.36,86.8,23,3.42,HIGH
DP-1711,81.48,58.28,2.12,11.25,77.08,53.2,4,0,0.84,155.11,94.4,63,4.22,LOW
DP-1712,73.73,65.35,3.45,7.8,88.4,51.45,5,0,8.71,224.21,81.03,61,5.03,MEDIUM
DP-1713,94.75,87.32,0.0,0.0,100.0,89.44,3,0,2.17,211.86,98.17,30,7.51,LOW
DP-1714,35.5,35.04,0.0,11.37,29.23,45.31,2,0,11.35,247.14,87.57,51,4.31,MEDIUM
DP-1715,82.15,91.14,8.48,0.0,72.03,97.17,2,0,6.36,194.45,94.22,27,7.69,LOW
DP-1716,54.85,37.85,3.57,1.76,43.65,75.82,0,0,17.88,141.79,79.62,25,3.56,MEDIUM
DP-1717,29.07,31.85,8.41,4.43,54.16,30.09,2,1,9.12,331.21,77.1,29,2.47,MEDIUM
DP-1718,44.0,43.29,3.61,8.24,48.3,48.17,5,0,8.4,136.25,86.1,13,1.87,MEDIUM
DP-1719,66.58,63.11,1.82,16.14,57.45,67.67,5,1,3.62,80.0,75.93,69,6.15,MEDIUM
DP-1720,56.3,85.91,3.98,8.81,29.87,52.19,6,0,4.26,139.32,85.83,37,6.45,MEDIUM
DP-1721,65.09,75.12,3.78,0.0,62.96,57.83,6,1,7.97,183.53,83.56,6,5.79,MEDIUM
DP-1722,48.14,43.57,3.56,5.18,58.35,57.25,6,1,3.55,149.33,82.97,36,4.34,MEDIUM
DP-1723,86.77,88.52,0.66,1.84,74.2,84.22,3,1,9.13,207.7,78.97,22,6.35,LOW
DP-1724,18.01,30.03,9.25,3.02,23.08,0.0,7,0,14.87,194.39,80.31,11,3.98,HIGH
DP-1725,71.74,62.6,2.86,12.06,73.79,68.85,1,1,2.97,232.67,85.81,41,5.19,MEDIUM
DP-1726,71.27,62.66,2.34,2.77,49.94,34.68,3,0,9.48,279.91,84.88,10,4.69,LOW
DP-1727,73.76,76.05,0.0,0.0,71.84,81.59,2,0,0.0,185.68,89.81,8,5.92,LOW
DP-1728,78.81,100.0,0.0,0.0,95.55,86.6,1,0,6.89,241.84,93.14,15,6.25,LOW
DP-1729,56.65,45.21,8.33,6.99,48.39,55.68,5,1,12.88,166.53,81.97,23,3.32,MEDIUM
DP-1730,65.05,93.86,7.18,2.85,95.42,41.29,2,0,4.31,255.59,86.44,21,6.52,LOW
DP-1731,51.66,68.87,0.0,16.81,46.05,54.1,4,1,4.53,211.82,78.58,18,4.92,MEDIUM
DP-1732,91.2,100.0,1.45,3.57,100.0,95.05,0,0,0.0,143.29,84.95,24,8.0,LOW
DP-1733,82.98,85.2,0.0,13.64,83.65,94.92,2,0,0.0,162.61,85.01,15,4.25,LOW
DP-1734,40.44,40.46,5.07,0.0,18.4,53.25,6,0,14.72,209.51,82.2,37,3.62,MEDIUM
DP-1735,14.99,14.61,4.28,5.07,19.85,36.41,5,1,11.42,262.46,80.4,33,1.44,HIGH
DP-1736,84.82,63.41,3.29,5.99,85.33,82.39,2,0,2.64,212.19,92.85,12,6.73,LOW
DP-1737,45.07,55.59,0.0,2.15,53.63,44.32,8,1,14.13,319.0,84.96,43,5.39,HIGH
DP-1738,65.41,58.87,10.31,19.24,82.19,67.07,5,0,6.33,266.9,75.43,16,4.34,MEDIUM
DP-1739,43.7,54.85,9.92,0.0,41.15,49.07,1,0,11.0,185.4,83.34,39,3.92,MEDIUM
DP-1740,36.41,13.13,4.02,10.61,26.51,27.35,6,0,9.31,97.93,94.09,23,1.88,MEDIUM
DP-1741,83.35,75.02,0.0,0.0,96.71,87.38,4,0,6.48,83.02,99.04,12,6.26,LOW
DP-1742,46.31,54.97,0.0,4.41,20.8,60.15,1,0,10.35,241.28,85.9,4,4.42,LOW
DP-1743,43.97,44.36,5.81,12.19,57.06,29.47,6,1,13.51,228.62,97.91,38,2.39,MEDIUM
DP-1744,41.62,52.54,10.12,14.33,39.19,58.74,4,0,7.4,179.0,86.82,20,4.15,MEDIUM
DP-1745,63.12,62.28,8.82,7.75,56.32,96.04,1,0,10.81,235.36,81.42,36,4.86,LOW
DP-1746,35.44,30.15,0.0,8.12,34.67,15.76,6,0,10.95,269.98,76.59,18,3.63,MEDIUM
DP-1747,83.86,70.31,0.1,9.96,88.73,67.52,1,0,8.69,221.93,74.1,35,6.44,LOW
DP-1748,32.33,25.45,4.44,9.11,25.61,18.76,8,1,6.22,231.36,77.94,21,2.74,HIGH
DP-1749,41.82,32.81,8.17,2.68,40.92,44.84,2,0,14.86,139.56,81.27,10,3.84,LOW
DP-1750,42.98,53.6,10.06,17.37,15.11,42.0,7,1,8.95,124.98,85.23,12,4.89,HIGH
DP-1751,30.43,38.77,12.47,6.37,43.72,24.03,7,1,15.47,240.82,83.23,22,1.89,HIGH
DP-1752,47.35,64.43,1.72,1.62,37.11,54.53,6,0,11.43,281.41,89.98,24,4.86,MEDIUM
DP-1753,49.72,59.06,10.31,11.68,67.4,41.99,2,0,13.56,110.32,88.16,28,4.96,MEDIUM
DP-1754,29.29,57.49,12.48,1.24,11.95,45.71,6,2,10.4,132.08,81.99,32,4.77,MEDIUM
DP-1755,34.32,19.12,6.26,17.48,31.33,27.12,6,0,13.56,284.71,63.86,35,1.58,HIGH
DP-1756,67.93,74.73,8.57,4.5,56.04,84.22,2,0,0.0,204.58,79.91,11,5.3,LOW
DP-1757,40.22,32.14,10.84,1.18,64.59,48.41,4,1,11.76,253.16,91.87,6,3.57,HIGH
DP-1758,29.13,24.95,0.0,6.59,71.36,15.72,6,1,13.16,234.67,82.8,12,2.33,HIGH
DP-1759,30.06,29.68,11.05,7.3,23.51,25.52,6,1,0.0,179.07,84.55,87,4.21,MEDIUM
DP-1760,80.16,83.25,3.44,8.05,81.79,76.27,9,0,6.79,201.77,98.68,36,7.33,MEDIUM
DP-1761,81.68,98.18,0.0,7.01,100.0,73.46,2,1,6.35,122.59,89.03,60,6.96,LOW
DP-1762,48.19,52.56,4.93,14.34,52.8,71.21,1,0,11.27,152.69,80.02,30,3.37,MEDIUM
DP-1763,68.28,49.61,0.0,7.96,78.74,62.57,7,1,9.55,159.79,73.47,18,3.42,MEDIUM
DP-1764,69.65,62.63,0.0,10.34,77.62,61.34,5,0,0.0,197.45,86.25,20,5.0,LOW
DP-1765,64.27,67.6,3.54,6.33,73.91,62.53,8,1,9.16,150.29,83.3,32,5.17,MEDIUM
DP-1766,52.14,52.91,10.43,3.84,43.86,31.78,6,0,12.64,157.71,79.03,28,4.87,MEDIUM
DP-1767,23.38,30.39,6.2,9.73,30.69,0.0,7,1,11.25,129.21,89.93,37,3.57,HIGH
DP-1768,62.88,71.46,0.77,11.54,69.51,61.29,1,1,8.54,209.13,91.24,63,4.61,LOW
DP-1769,50.28,45.09,5.15,0.0,48.22,55.84,3,0,0.14,260.34,100.0,12,4.58,MEDIUM
DP-1770,26.44,21.67,1.77,21.2,36.45,24.73,6,1,14.44,206.79,61.85,5,3.13,HIGH
DP-1771,43.34,39.43,0.0,0.0,39.05,21.37,6,0,9.55,247.54,90.89,26,4.85,MEDIUM
DP-1772,58.44,47.17,9.41,0.0,31.43,60.07,3,0,14.29,284.71,85.37,63,3.64,MEDIUM
DP-1773,73.5,67.82,9.27,5.6,61.93,86.82,2,0,11.6,213.65,75.37,66,5.42,LOW
DP-1774,69.31,76.39,3.8,9.94,80.97,58.83,2,0,5.07,149.45,93.41,63,5.37,LOW
DP-1775,90.21,96.93,0.0,9.7,100.0,82.1,0,0,1.9,132.4,84.15,36,7.04,LOW
DP-1776,82.66,68.17,0.0,11.4,72.54,70.89,7,0,14.41,205.03,78.32,90,5.14,LOW
DP-1777,31.79,16.47,11.67,5.58,22.19,14.7,5,4,3.62,224.46,76.44,12,1.95,HIGH
DP-1778,54.82,33.78,12.06,1.26,68.8,63.68,5,1,8.07,282.52,93.25,5,3.89,MEDIUM
DP-1779,30.59,19.43,0.0,5.15,16.63,16.0,4,1,7.93,219.53,81.07,19,2.15,HIGH
DP-1780,56.32,48.33,3.35,2.33,36.88,45.07,2,1,11.84,224.59,84.23,73,4.51,MEDIUM
DP-1781,49.58,51.04,2.61,13.16,50.75,64.19,1,0,0.0,287.85,77.28,56,4.5,LOW
DP-1782,74.42,76.61,4.25,1.59,98.7,61.54,2,0,6.84,201.74,82.93,43,5.08,LOW
DP-1783,52.29,41.32,13.02,1.5,56.85,77.93,3,0,13.42,244.8,79.72,47,2.87,LOW
DP-1784,56.35,36.0,1.59,3.25,47.63,32.75,4,0,14.3,186.07,86.39,62,2.99,MEDIUM
DP-1785,67.34,40.37,0.0,2.3,41.03,65.03,3,2,7.75,251.09,78.98,25,2.64,MEDIUM
DP-1786,44.51,44.45,7.55,12.43,41.32,53.08,5,0,13.08,283.23,84.47,30,3.52,MEDIUM
DP-1787,32.17,33.92,7.75,4.17,10.77,24.4,3,1,14.02,159.48,85.12,47,2.98,HIGH
DP-1788,39.03,51.1,11.54,20.97,39.16,41.66,8,0,20.15,241.37,80.72,11,3.81,HIGH
DP-1789,39.62,54.45,8.74,11.74,50.63,52.67,5,0,6.61,268.07,88.31,19,3.53,MEDIUM
DP-1790,51.95,55.71,1.11,10.01,67.88,52.2,6,0,20.26,208.34,88.76,20,4.72,LOW
DP-1791,38.86,28.66,16.22,0.82,35.67,47.26,6,0,13.9,148.65,85.07,65,1.89,HIGH
DP-1792,37.49,33.89,5.67,8.55,29.74,47.3,7,0,11.9,148.3,85.78,15,3.77,MEDIUM
DP-1793,19.69,20.98,10.35,16.43,46.73,30.57,8,1,13.99,312.97,83.44,23,2.46,HIGH
DP-1794,95.45,100.0,0.05,3.16,93.84,93.85,1,0,0.0,132.17,87.02,40,6.52,LOW
DP-1795,85.37,83.18,4.03,3.27,78.77,82.24,2,0,1.74,196.43,86.92,40,5.64,LOW
DP-1796,44.82,51.56,20.74,4.04,26.04,44.51,5,1,13.5,186.46,92.99,22,3.46,HIGH
DP-1797,76.57,77.52,13.61,0.0,58.95,74.04,1,0,5.65,103.66,81.49,75,4.98,MEDIUM
DP-1798,22.46,44.52,7.6,18.01,35.65,12.68,7,0,15.04,165.23,86.03,42,3.11,HIGH
DP-1799,41.63,41.97,1.7,9.67,21.35,44.91,5,1,8.36,124.62,82.73,61,3.98,HIGH
DP-1800,79.68,84.32,0.0,4.96,72.99,91.06,1,0,11.55,172.43,89.03,20,5.48,LOW
DP-1801,73.01,87.42,0.0,0.0,71.97,54.03,6,1,14.7,212.7,91.83,17,6.52,LOW
DP-1802,44.66,53.75,4.65,5.75,31.34,44.14,3,0,6.35,90.0,86.77,22,3.27,LOW
DP-1803,31.53,29.15,4.94,12.81,8.05,52.88,6,0,13.21,215.82,72.51,65,1.7,HIGH
DP-1804,88.75,90.58,0.0,0.0,83.32,91.35,2,1,1.34,140.94,97.14,13,5.06,LOW
DP-1805,36.88,33.88,8.14,9.24,15.51,51.06,4,3,7.24,253.45,77.25,53,2.99,HIGH
DP-1806,31.78,40.23,10.68,4.37,50.11,61.39,6,1,14.26,288.17,88.15,20,3.04,HIGH
DP-1807,26.97,28.62,11.97,1.65,16.62,22.82,6,2,9.05,192.0,72.79,5,2.76,HIGH
DP-1808,42.51,70.31,12.17,21.15,46.53,51.95,7,0,16.86,211.63,65.81,19,5.01,HIGH
DP-1809,68.02,58.47,2.09,0.0,45.21,78.06,2,0,1.1,180.99,100.0,51,4.4,LOW
DP-1810,31.31,11.83,4.1,5.53,24.88,50.6,3,1,9.57,153.59,79.7,50,1.88,MEDIUM
DP-1811,82.26,73.04,0.0,1.89,67.41,88.33,4,0,0.0,182.84,80.89,80,5.46,LOW
DP-1812,94.84,90.99,0.0,5.42,91.97,100.0,2,0,0.0,118.67,97.22,7,6.37,LOW
DP-1813,47.34,56.81,9.97,4.6,28.99,44.7,4,0,14.86,197.52,88.82,35,3.16,MEDIUM
DP-1814,74.15,56.43,5.81,4.1,81.93,78.73,5,0,5.57,142.36,94.44,11,3.74,LOW
DP-1815,48.2,59.94,2.64,5.14,51.61,40.25,6,0,12.95,125.88,83.44,12,3.81,HIGH
DP-1816,86.01,100.0,4.84,8.1,100.0,91.96,3,0,14.36,213.32,72.0,31,6.41,LOW
DP-1817,27.7,31.37,8.36,6.88,33.26,10.86,3,1,15.1,219.33,100.0,9,2.96,MEDIUM
DP-1818,50.58,75.23,6.35,3.98,40.93,50.81,5,1,15.68,179.81,91.88,80,5.03,LOW
DP-1819,43.61,50.98,4.65,1.8,46.82,39.76,5,0,4.96,192.02,75.02,14,4.61,LOW
DP-1820,61.67,66.9,3.09,0.0,45.47,52.28,3,0,10.06,253.46,99.45,16,6.19,LOW
DP-1821,61.9,55.05,6.14,8.94,81.65,33.64,4,1,14.73,218.57,87.11,40,5.33,MEDIUM
DP-1822,77.87,72.17,0.0,4.89,80.03,64.8,2,0,11.43,229.64,88.97,41,6.01,LOW
DP-1823,64.45,69.59,0.66,0.0,55.11,50.32,3,2,0.91,147.1,83.55,15,5.1,LOW
DP-1824,68.62,70.22,2.59,0.0,82.41,100.0,6,2,1.03,150.98,80.72,22,4.54,MEDIUM
DP-1825,74.13,71.33,0.14,9.12,80.65,86.92,6,0,7.52,212.9,74.64,5,6.0,LOW
DP-1826,46.73,46.6,0.0,2.84,42.88,52.49,5,1,1.87,133.91,88.18,14,5.01,LOW
DP-1827,41.93,45.23,8.97,8.11,75.2,29.75,4,1,17.61,253.18,79.16,29,2.89,MEDIUM
DP-1828,43.77,24.21,0.0,0.0,60.63,41.53,6,1,10.85,303.44,99.3,33,2.43,MEDIUM
DP-1829,47.07,35.3,0.0,5.22,64.63,19.48,6,1,15.77,165.13,77.51,58,4.17,MEDIUM
DP-1830,6.2,5.0,13.54,6.6,6.13,0.0,7,2,21.54,282.4,77.99,18,0.86,HIGH
DP-1831,31.38,36.2,6.94,1.45,27.1,48.03,3,1,13.69,221.94,79.85,14,4.6,MEDIUM
DP-1832,42.95,43.04,8.76,20.94,23.89,48.57,5,0,2.97,125.8,89.55,26,3.17,MEDIUM
DP-1833,70.3,94.26,12.11,8.95,52.87,81.61,3,0,14.6,93.53,76.57,41,5.95,LOW
DP-1834,88.49,85.21,0.0,4.87,89.65,74.34,3,1,4.95,120.33,74.09,5,6.07,LOW
DP-1835,33.88,34.78,6.47,5.35,13.1,15.5,1,1,10.17,204.35,90.46,13,3.92,HIGH
DP-1836,28.69,24.31,5.7,10.66,31.1,2.07,7,0,11.37,144.5,81.89,26,2.75,HIGH
DP-1837,42.14,46.32,3.07,19.19,64.44,36.95,6,1,5.6,156.96,86.45,30,4.38,HIGH
DP-1838,69.89,66.75,11.77,0.28,56.6,61.68,1,0,8.41,175.12,91.07,40,4.06,LOW
DP-1839,43.89,46.79,4.02,9.93,47.05,38.78,4,0,10.72,152.79,90.67,36,4.23,MEDIUM
DP-1840,73.46,60.23,2.23,0.0,81.59,58.92,4,1,12.97,269.94,73.17,42,4.92,MEDIUM
DP-1841,65.5,67.07,0.0,0.0,70.75,83.97,3,0,11.61,180.19,90.13,28,5.69,LOW
DP-1842,24.71,30.57,2.42,0.0,9.43,0.5,6,1,12.96,231.66,87.21,24,2.91,HIGH
DP-1843,24.87,24.1,8.55,0.0,42.7,32.45,8,1,21.63,293.47,81.65,29,4.48,HIGH
DP-1844,63.3,54.93,4.51,1.1,65.18,69.9,6,1,9.0,166.37,89.27,11,3.68,MEDIUM
DP-1845,73.21,69.61,0.0,1.91,100.0,87.62,4,0,15.14,255.23,80.61,42,5.68,LOW
DP-1846,75.7,66.34,4.47,1.45,100.0,77.23,2,0,17.96,181.3,72.87,20,5.12,LOW
DP-1847,64.19,63.19,0.0,0.0,78.19,63.59,6,1,10.41,176.69,86.52,13,5.08,LOW
DP-1848,81.62,78.01,2.36,2.76,84.06,72.08,2,0,1.89,251.28,86.39,34,5.66,LOW
DP-1849,46.81,28.44,2.98,4.68,40.59,48.05,5,0,11.06,175.42,74.52,24,1.89,MEDIUM
DP-1850,47.67,53.59,6.83,2.79,54.85,40.16,5,0,11.01,213.8,80.71,28,3.55,MEDIUM
DP-1851,59.59,44.39,0.0,3.08,59.87,56.32,3,0,7.22,240.18,97.97,30,3.13,LOW
DP-1852,52.86,85.49,4.17,0.0,59.29,79.97,6,1,8.71,129.97,90.16,23,6.63,LOW
DP-1853,88.9,99.32,1.46,2.97,100.0,78.19,2,0,4.49,185.83,96.68,27,6.97,LOW
DP-1854,70.97,55.27,0.0,0.88,92.09,94.7,6,0,4.77,247.72,69.24,22,4.4,LOW
DP-1855,25.67,31.93,4.73,8.08,36.15,55.23,7,0,10.1,214.68,85.46,23,3.01,MEDIUM
DP-1856,39.4,33.04,8.26,4.56,42.04,26.88,6,0,14.37,321.27,85.29,47,3.31,MEDIUM
DP-1857,60.9,46.54,5.18,4.57,63.34,68.79,3,1,11.09,210.91,76.88,64,3.51,MEDIUM
DP-1858,72.42,71.45,0.0,1.74,78.01,75.95,2,1,5.32,287.19,86.66,21,6.19,LOW
DP-1859,53.57,42.97,8.7,4.01,56.28,63.6,6,0,8.72,261.67,87.92,34,3.22,MEDIUM
DP-1860,87.74,100.0,1.5,9.48,84.26,63.56,0,0,6.15,214.27,82.53,22,7.64,LOW
DP-1861,21.86,34.55,1.08,1.1,14.73,28.41,3,1,13.05,249.12,91.93,23,4.21,MEDIUM
DP-1862,59.45,66.92,7.8,11.77,80.73,67.82,5,0,9.19,269.96,76.73,54,4.07,MEDIUM
DP-1863,68.64,66.06,14.61,6.99,53.92,39.79,3,0,24.87,140.56,76.68,26,5.39,MEDIUM
DP-1864,53.8,47.31,0.0,0.0,45.95,63.59,4,1,12.36,119.21,87.87,9,4.23,MEDIUM
DP-1865,77.65,79.32,0.0,0.0,88.29,100.0,4,0,0.15,209.68,77.63,25,5.27,LOW
DP-1866,70.38,63.28,4.86,8.9,69.57,50.68,5,1,6.51,142.72,83.34,43,3.89,MEDIUM
DP-1867,42.22,29.68,0.0,0.54,62.32,35.69,7,1,19.26,183.79,92.74,17,1.53,MEDIUM
DP-1868,70.1,48.76,8.07,0.0,80.37,63.62,1,0,10.02,136.93,81.91,21,4.56,LOW
DP-1869,65.39,37.79,7.07,12.86,59.11,38.61,6,1,4.32,186.49,78.26,27,3.98,MEDIUM
DP-1870,45.22,41.5,3.69,13.81,66.01,45.15,3,0,8.1,249.66,85.22,19,2.89,MEDIUM
DP-1871,63.11,75.16,0.0,7.87,57.38,64.46,2,0,0.0,199.99,84.78,65,5.66,LOW
DP-1872,52.21,51.48,14.23,7.84,37.84,50.84,6,0,11.65,193.57,80.67,30,3.36,MEDIUM
DP-1873,58.08,69.68,0.0,3.02,50.48,65.21,2,1,12.54,224.6,92.32,20,4.58,LOW
DP-1874,78.05,76.8,3.52,0.0,82.15,76.89,5,0,4.93,140.26,84.35,43,4.98,LOW
DP-1875,49.57,54.06,4.37,0.0,33.81,18.18,12,4,17.32,219.86,87.26,79,3.69,HIGH
DP-1876,54.36,53.58,7.8,0.0,29.78,40.74,3,0,11.07,237.03,84.91,14,3.71,MEDIUM
DP-1877,88.64,90.62,3.21,0.0,100.0,100.0,2,0,7.21,219.2,92.82,67,6.31,LOW
DP-1878,28.84,18.66,7.06,3.87,30.85,31.77,3,0,10.7,161.91,85.96,31,2.07,MEDIUM
DP-1879,77.0,90.41,12.3,3.39,84.63,90.22,2,0,11.15,270.99,85.06,33,6.31,LOW
DP-1880,48.99,60.01,5.72,9.24,69.86,46.73,2,0,13.69,275.51,78.43,26,3.66,MEDIUM
DP-1881,63.82,72.85,0.0,0.0,31.42,26.91,3,1,1.36,255.49,94.87,15,5.97,MEDIUM
DP-1882,55.37,46.56,8.8,0.23,68.57,72.9,6,0,5.99,138.79,95.81,15,4.85,MEDIUM
DP-1883,86.07,82.81,0.0,11.54,68.2,81.04,4,0,3.5,205.54,76.32,32,6.23,LOW
DP-1884,43.9,49.87,12.57,9.53,5.0,29.27,4,1,11.95,204.24,73.32,6,2.67,HIGH
DP-1885,60.98,55.9,0.0,5.26,72.07,59.9,3,0,3.46,225.4,100.0,29,4.25,LOW
DP-1886,62.14,53.5,8.27,5.15,100.0,32.66,7,0,3.91,236.17,82.17,24,2.87,LOW
DP-1887,52.85,52.98,8.4,0.0,62.42,60.35,7,1,2.75,151.7,82.84,61,3.83,MEDIUM
DP-1888,46.1,61.91,7.61,2.91,68.72,47.06,0,0,5.3,150.97,83.99,48,4.77,LOW
DP-1889,9.74,8.31,0.0,14.03,5.0,16.65,5,0,16.1,133.06,78.26,32,2.25,HIGH
DP-1890,22.11,12.99,15.63,8.89,24.8,39.19,6,1,18.29,246.94,74.7,43,0.92,HIGH
DP-1891,85.56,90.63,0.0,1.51,82.16,100.0,8,0,11.93,167.67,88.7,15,6.6,LOW
DP-1892,54.65,57.51,0.0,18.22,53.42,86.15,3,3,12.04,80.0,80.05,20,6.36,HIGH
DP-1893,35.23,31.64,12.38,12.96,9.2,20.99,5,0,9.58,275.74,79.79,26,2.39,HIGH
DP-1894,51.42,57.32,9.38,6.04,36.37,25.07,4,0,3.73,158.6,79.12,31,4.75,MEDIUM
DP-1895,86.52,77.96,0.0,0.0,100.0,89.09,3,1,4.81,125.9,76.12,11,5.94,LOW
DP-1896,83.92,90.22,6.47,4.35,77.06,65.96,1,0,6.93,174.8,83.0,23,7.07,LOW
DP-1897,67.41,60.44,0.0,10.17,50.37,70.2,2,0,4.65,268.01,83.0,61,5.07,LOW
DP-1898,49.94,61.47,0.0,0.0,59.11,65.46,4,0,6.03,182.3,96.5,40,5.04,LOW
DP-1899,65.21,80.29,3.22,6.89,77.32,76.54,4,0,0.54,165.18,91.52,18,5.01,LOW
DP-1900,58.41,51.29,8.62,9.85,66.94,28.74,5,1,9.46,156.22,72.18,25,3.02,MEDIUM
DP-1901,65.51,75.14,1.62,0.0,81.44,90.66,3,0,6.14,297.6,88.64,16,5.97,LOW
DP-1902,67.04,56.66,2.33,5.25,60.03,75.04,4,0,3.4,245.6,88.68,28,5.06,LOW
DP-1903,58.61,69.34,14.55,0.0,41.83,63.4,3,0,13.79,211.78,94.23,27,4.72,LOW
DP-1904,64.8,56.0,5.57,4.24,68.21,41.13,4,0,17.86,139.35,79.46,45,4.21,LOW
DP-1905,84.94,84.42,8.15,7.85,91.28,85.06,4,0,7.61,139.9,96.33,12,5.99,LOW
DP-1906,57.55,55.44,0.0,5.96,57.13,47.08,4,0,0.0,194.36,87.57,45,5.2,LOW
DP-1907,43.94,37.88,0.0,5.44,46.95,45.82,5,0,14.07,267.94,81.14,48,3.68,MEDIUM
DP-1908,27.89,22.44,1.07,20.9,5.0,11.75,4,1,10.27,140.86,83.32,55,2.67,HIGH
DP-1909,67.88,55.3,0.0,0.0,69.46,83.06,1,0,7.34,94.46,82.72,27,3.51,LOW
DP-1910,46.65,55.84,7.93,10.4,43.46,64.97,8,1,9.24,314.94,90.92,20,5.96,MEDIUM
DP-1911,40.6,35.13,7.77,5.42,50.67,30.46,4,0,13.33,366.02,86.15,4,2.39,MEDIUM
DP-1912,79.44,74.27,0.0,0.0,72.19,73.17,3,1,10.23,324.27,91.8,9,5.88,LOW
DP-1913,69.61,59.32,0.77,2.24,94.2,79.4,5,0,6.28,145.17,93.48,43,4.85,LOW
DP-1914,63.89,70.61,0.0,6.13,53.18,49.05,5,1,2.59,113.15,80.03,7,6.66,LOW
DP-1915,57.67,41.13,4.79,12.66,48.48,70.82,3,1,11.04,274.13,92.06,13,3.09,MEDIUM
DP-1916,58.7,61.69,0.0,10.99,41.32,54.48,2,0,7.78,211.08,73.71,57,5.32,LOW
DP-1917,68.87,73.05,5.49,12.92,53.71,75.97,2,0,0.0,229.48,85.05,53,3.94,LOW
DP-1918,61.55,76.05,0.0,0.55,30.67,65.97,4,1,1.87,168.65,73.46,14,6.5,MEDIUM
DP-1919,38.03,25.76,8.0,0.0,14.45,29.86,6,2,15.41,250.51,80.12,46,2.7,HIGH
DP-1920,8.62,6.42,13.94,27.43,18.7,18.41,7,1,24.59,178.47,92.41,17,2.13,HIGH
DP-1921,24.94,30.31,0.0,0.0,21.43,29.96,6,0,5.03,80.0,92.63,30,3.45,MEDIUM
DP-1922,53.47,68.68,2.83,0.25,41.66,58.08,5,0,11.5,237.13,85.14,13,4.1,MEDIUM
DP-1923,52.1,46.35,0.0,5.05,35.15,72.27,6,0,7.8,151.33,84.79,30,2.85,LOW
DP-1924,38.48,23.7,1.22,10.72,11.08,37.88,8,1,16.8,315.94,76.39,27,3.02,HIGH
DP-1925,80.13,89.65,0.0,4.72,72.04,53.53,4,0,1.79,266.87,95.04,20,6.89,LOW
DP-1926,90.87,78.53,0.0,2.81,80.17,100.0,3,0,3.38,213.51,96.12,10,5.19,LOW
DP-1927,67.8,69.16,0.87,8.59,80.84,92.51,5,1,15.64,268.75,75.91,9,5.83,MEDIUM
DP-1928,22.59,17.77,0.0,2.45,14.98,11.29,5,1,18.28,212.49,92.92,29,2.79,MEDIUM
DP-1929,63.15,73.26,2.36,0.0,53.09,59.38,6,0,3.29,138.64,88.29,9,5.91,LOW
DP-1930,46.19,33.2,11.2,13.59,55.34,48.78,4,1,10.21,176.74,88.19,61,3.15,MEDIUM
DP-1931,24.5,36.02,6.36,0.0,21.74,36.95,8,0,14.99,158.87,76.02,63,3.49,MEDIUM
DP-1932,40.23,56.6,6.9,0.0,48.3,36.9,7,1,9.59,150.32,90.9,4,5.51,MEDIUM
DP-1933,64.08,77.25,4.81,13.07,65.51,63.98,6,1,7.62,140.11,85.01,29,5.42,MEDIUM
DP-1934,20.82,30.54,3.73,0.0,21.2,30.53,6,0,15.6,192.84,89.55,11,3.17,HIGH
DP-1935,66.25,55.31,1.26,10.16,56.78,52.48,3,1,11.99,101.91,80.53,14,3.95,MEDIUM
DP-1936,57.59,68.62,2.36,5.52,33.47,59.02,5,1,7.45,119.8,90.85,39,6.89,MEDIUM
DP-1937,71.28,74.99,2.64,4.13,77.75,50.36,7,1,1.01,119.15,89.58,39,6.04,LOW
DP-1938,31.65,10.17,2.13,7.4,37.86,28.67,5,0,10.8,264.59,97.88,48,2.67,MEDIUM
DP-1939,54.48,53.36,10.84,4.59,53.5,45.48,2,0,2.01,133.03,90.37,18,3.66,LOW
DP-1940,38.07,51.62,13.09,4.96,42.5,25.78,0,0,15.05,213.75,86.95,26,2.81,MEDIUM
DP-1941,30.11,19.42,0.0,6.06,32.08,12.21,5,0,20.77,204.38,84.86,28,1.2,MEDIUM
DP-1942,46.03,37.81,6.76,14.64,38.15,32.94,3,1,3.56,112.39,83.54,6,3.03,MEDIUM
DP-1943,44.53,41.77,2.58,9.16,58.71,53.6,6,0,6.55,159.82,88.04,17,3.46,MEDIUM
DP-1944,16.68,26.14,7.95,5.85,9.02,5.72,7,1,9.37,84.69,89.08,18,2.92,HIGH
DP-1945,42.85,23.08,12.43,10.77,46.61,27.14,4,0,3.53,176.4,86.34,37,1.25,MEDIUM
DP-1946,65.28,68.73,0.0,10.29,84.68,37.0,2,0,6.8,241.77,85.27,21,6.15,LOW
DP-1947,41.07,40.22,15.13,5.46,27.99,17.22,2,0,9.06,159.6,80.75,26,2.36,MEDIUM
DP-1948,62.77,50.31,2.21,9.11,46.18,57.81,2,0,3.63,168.85,76.22,15,3.24,MEDIUM
DP-1949,51.88,61.96,2.05,0.0,37.54,73.32,2,1,4.71,231.16,70.12,37,4.22,MEDIUM
DP-1950,49.77,35.84,1.81,1.38,46.96,41.69,7,1,7.17,332.81,83.35,29,2.74,MEDIUM
DP-1951,43.38,63.96,11.73,3.66,41.82,39.47,5,0,7.88,256.17,79.88,32,3.65,HIGH
DP-1952,64.78,61.06,2.1,0.0,31.32,92.87,3,0,7.06,146.91,72.04,16,4.68,MEDIUM
DP-1953,25.14,19.26,1.13,10.96,24.45,0.0,10,0,11.31,80.0,77.81,22,3.18,HIGH
DP-1954,19.49,27.3,4.26,5.91,10.21,38.08,5,0,18.6,192.6,92.97,16,1.5,MEDIUM
DP-1955,36.84,23.19,7.9,1.28,14.71,22.82,5,1,12.31,158.55,81.46,27,2.73,HIGH
DP-1956,63.43,51.14,5.4,0.9,46.46,53.73,4,0,5.78,156.22,93.64,33,4.11,LOW
DP-1957,30.64,42.01,0.0,0.0,23.95,44.85,6,0,17.0,80.0,90.51,9,4.0,MEDIUM
DP-1958,57.45,52.75,0.0,3.5,72.59,53.05,3,0,0.13,172.46,85.75,25,2.68,LOW
DP-1959,61.41,60.16,5.39,6.52,58.18,72.71,5,0,0.92,135.73,79.02,26,5.18,LOW
DP-1960,93.24,100.0,0.0,0.0,78.24,100.0,2,0,0.25,171.38,78.45,10,8.0,LOW
DP-1961,30.56,21.83,5.12,0.0,38.49,53.08,6,5,20.25,203.26,82.71,27,3.59,HIGH
DP-1962,58.11,54.35,3.2,2.51,55.59,50.16,5,0,1.35,258.31,91.28,59,4.77,LOW
DP-1963,71.62,61.63,2.19,16.38,81.36,100.0,0,0,7.09,167.12,82.33,16,4.84,LOW
DP-1964,62.71,60.98,11.97,8.36,52.73,64.82,3,0,15.48,274.78,82.26,16,3.73,MEDIUM
DP-1965,61.81,68.66,0.0,11.24,56.59,40.33,4,1,5.53,152.33,100.0,43,5.43,LOW
DP-1966,55.78,23.98,14.46,12.5,70.15,57.34,3,0,0.0,148.25,82.28,24,3.7,MEDIUM
DP-1967,59.86,55.64,2.33,13.39,62.52,29.85,3,1,1.89,85.25,82.38,56,3.66,MEDIUM
DP-1968,54.49,40.92,2.15,5.06,61.14,59.24,4,2,6.79,254.2,85.03,7,4.02,MEDIUM
DP-1969,52.08,36.16,0.0,2.35,77.29,58.86,3,0,15.35,197.88,83.6,20,3.67,LOW
DP-1970,58.27,57.36,0.0,19.78,40.25,68.53,2,0,0.32,220.88,81.86,20,3.74,LOW
DP-1971,55.64,60.41,3.5,2.81,76.33,60.56,4,1,6.23,199.5,90.77,41,4.9,MEDIUM
DP-1972,41.05,32.89,2.62,0.09,40.36,44.76,7,0,13.79,271.75,85.98,32,2.63,MEDIUM
DP-1973,38.1,43.39,9.68,0.0,28.74,44.12,6,2,15.64,223.87,76.11,61,3.71,HIGH
DP-1974,56.55,54.4,3.83,0.11,67.55,59.43,0,0,11.38,213.79,75.76,31,3.78,LOW
DP-1975,47.4,59.7,2.74,0.38,52.26,48.44,5,1,5.28,80.0,78.86,7,4.87,MEDIUM
DP-1976,15.36,18.77,9.59,9.38,5.0,32.48,9,4,14.2,273.59,85.77,46,2.43,HIGH
DP-1977,81.24,95.3,9.4,0.0,64.67,92.0,5,0,1.72,162.04,74.0,21,6.2,LOW
DP-1978,27.88,37.13,5.14,11.96,30.25,16.76,2,0,14.27,186.83,89.04,8,3.49,MEDIUM
DP-1979,57.87,56.53,4.94,0.0,46.16,60.25,4,0,5.43,169.62,77.26,25,3.97,LOW
DP-1980,11.16,35.61,10.04,0.0,9.52,24.0,3,1,18.35,260.68,80.73,16,2.21,HIGH
DP-1981,87.34,83.27,2.75,7.45,80.47,93.22,2,0,11.67,254.77,81.63,67,7.52,LOW
DP-1982,30.28,41.07,12.41,4.55,26.92,53.73,8,1,17.25,162.05,84.3,67,2.17,HIGH
DP-1983,66.46,60.18,0.0,0.0,72.11,34.1,6,1,7.44,187.1,100.0,40,4.9,LOW
DP-1984,62.68,79.73,3.76,4.52,68.4,41.29,5,1,6.89,274.48,90.45,17,8.0,LOW
DP-1985,47.27,32.89,0.0,9.11,22.69,33.99,3,0,0.0,96.95,78.31,73,3.89,MEDIUM
DP-1986,59.08,38.39,0.0,0.0,25.99,30.73,7,0,10.87,137.82,95.7,32,2.79,MEDIUM
DP-1987,40.81,25.48,15.48,0.0,49.89,15.6,8,1,9.97,251.15,91.35,17,2.29,HIGH
DP-1988,49.11,31.55,0.0,8.8,51.3,68.36,3,0,3.01,184.82,92.07,78,3.02,LOW
DP-1989,56.93,68.15,0.0,2.42,64.8,69.51,3,1,13.47,229.54,88.75,2,5.37,LOW
DP-1990,44.9,49.82,5.43,2.91,40.24,35.97,4,0,11.25,227.81,91.68,45,3.54,MEDIUM
DP-1991,68.81,64.31,10.99,8.66,52.13,73.21,3,0,15.43,194.22,81.66,19,4.49,MEDIUM
DP-1992,50.22,32.67,11.63,8.2,63.06,65.12,6,0,10.23,274.32,83.96,18,4.03,MEDIUM
DP-1993,18.34,15.72,5.29,7.57,31.47,14.57,6,3,10.36,141.36,74.84,60,1.05,HIGH
DP-1994,78.51,60.87,4.31,12.84,72.26,79.53,7,1,9.43,243.44,79.38,27,4.05,MEDIUM
DP-1995,35.55,41.37,2.01,13.96,5.96,40.34,6,0,15.3,285.8,83.83,29,3.9,MEDIUM
DP-1996,49.12,60.76,12.2,8.04,51.93,48.56,2,0,2.52,256.01,93.17,21,2.6,MEDIUM
DP-1997,33.63,38.97,0.97,16.99,23.79,52.41,5,2,5.69,249.91,72.61,22,2.92,HIGH
DP-1998,61.18,68.72,0.0,10.74,37.71,68.72,4,0,0.0,197.41,89.16,9,4.18,LOW
DP-1999,66.42,53.69,1.05,7.31,65.28,68.62,1,0,10.07,170.34,74.81,40,4.1,MEDIUM
DP-2000,46.47,33.33,1.26,0.0,55.95,45.47,7,0,0.0,203.34,80.64,46,2.73,MEDIUM
DP-2001,63.79,68.94,2.25,0.0,70.8,69.75,1,0,9.6,183.27,87.25,15,5.2,LOW
DP-2002,32.4,32.03,0.0,10.31,65.94,0.0,3,1,10.85,151.91,93.58,12,2.53,HIGH
DP-2003,68.27,69.27,3.04,11.01,89.59,68.09,1,0,0.0,111.87,84.2,17,5.46,LOW
DP-2004,72.45,74.47,0.0,6.65,58.96,69.38,1,0,7.57,223.13,77.03,53,4.68,LOW
DP-2005,71.64,82.72,0.0,0.0,50.18,53.56,2,0,10.41,113.67,80.58,41,6.23,LOW
DP-2006,77.37,79.46,0.0,1.02,73.26,68.91,1,0,0.0,136.56,77.77,16,5.31,LOW
DP-2007,87.96,86.98,2.53,0.0,79.98,100.0,4,0,4.94,219.89,93.74,19,6.01,LOW
DP-2008,77.72,72.19,0.0,13.64,90.93,83.52,1,0,8.31,254.14,76.54,37,4.77,LOW
DP-2009,53.98,67.58,3.49,8.9,73.64,54.18,5,0,22.88,341.04,82.97,27,4.59,MEDIUM
DP-2010,85.69,97.55,0.0,0.0,97.43,91.27,2,0,8.16,162.05,87.72,17,6.09,LOW
DP-2011,53.38,35.63,0.0,0.0,42.22,44.13,6,1,0.0,151.8,71.03,29,2.87,MEDIUM
DP-2012,36.77,48.85,23.75,13.9,41.86,43.58,4,1,14.1,177.85,73.73,62,3.18,HIGH
DP-2013,23.55,8.11,0.0,10.59,43.52,54.54,8,1,11.44,112.93,91.72,19,0.89,HIGH
DP-2014,24.35,19.87,0.0,14.76,26.95,30.37,8,0,17.99,259.64,78.98,28,2.46,HIGH
DP-2015,52.99,38.19,13.17,0.77,39.69,40.17,4,1,7.2,131.48,88.04,37,2.82,MEDIUM
DP-2016,53.29,69.49,1.87,4.29,42.29,51.82,6,1,8.79,211.61,91.84,29,4.62,MEDIUM
DP-2017,68.78,76.16,2.1,13.74,56.87,55.69,2,0,0.0,168.51,86.53,54,4.89,LOW
DP-2018,46.45,58.84,0.0,5.13,28.14,34.62,2,0,23.91,245.1,77.04,25,5.55,MEDIUM
DP-2019,45.45,41.43,0.0,14.12,14.27,59.43,7,0,7.15,128.6,86.17,4,3.33,HIGH
DP-2020,55.14,54.0,0.0,0.0,68.99,21.65,3,1,0.0,95.77,95.96,25,5.53,MEDIUM
DP-2021,52.95,58.53,0.45,2.59,60.42,51.12,4,1,22.33,186.39,88.57,74,4.48,MEDIUM
DP-2022,65.23,69.47,6.4,7.59,51.43,71.61,2,1,8.8,241.59,95.74,20,5.59,LOW
DP-2023,47.38,37.7,0.0,3.96,40.79,67.0,3,0,8.69,215.38,95.26,56,3.79,LOW
DP-2024,63.12,70.53,0.33,5.67,58.61,50.24,5,1,14.39,179.94,73.66,7,5.86,LOW
DP-2025,71.58,75.51,3.01,13.31,69.09,78.79,3,0,14.97,147.75,75.75,26,5.63,LOW
DP-2026,18.66,5.0,2.05,2.18,12.43,26.54,4,0,7.8,188.6,78.69,15,1.33,HIGH
DP-2027,23.67,29.7,12.19,10.84,43.17,1.62,8,0,9.38,153.78,75.83,35,2.18,HIGH
DP-2028,15.05,5.0,5.74,5.64,22.73,14.53,8,0,15.89,152.98,82.22,7,1.32,MEDIUM
DP-2029,64.88,75.36,5.27,0.0,73.13,62.25,3,0,14.35,221.33,82.01,34,6.47,MEDIUM
DP-2030,18.92,20.09,13.59,9.53,42.04,6.88,8,0,9.66,290.68,80.46,12,2.41,HIGH
DP-2031,54.52,42.43,0.0,0.0,55.61,62.48,7,1,8.43,213.55,85.07,33,4.61,HIGH
DP-2032,79.58,72.7,3.47,5.21,77.2,78.44,3,1,8.35,310.97,93.87,42,5.41,LOW
DP-2033,75.93,61.45,4.81,5.01,82.3,76.47,4,1,15.88,170.07,82.65,25,4.9,MEDIUM
DP-2034,43.04,52.19,6.1,18.31,40.84,43.0,4,0,12.32,80.0,75.66,64,4.74,MEDIUM
DP-2035,63.93,77.67,0.0,6.11,53.42,59.71,10,2,15.52,165.89,89.25,10,6.12,HIGH
DP-2036,46.97,44.46,0.0,10.71,50.04,41.23,5,0,0.0,156.41,90.21,13,4.08,LOW
DP-2037,46.34,46.55,5.17,10.01,31.03,40.41,2,0,7.32,175.87,83.44,21,3.44,MEDIUM
DP-2038,72.23,65.71,6.72,13.35,67.88,61.66,3,1,4.93,157.73,92.16,20,4.82,LOW
DP-2039,54.48,55.2,0.0,4.31,37.07,45.14,5,2,0.23,250.01,83.19,60,5.02,MEDIUM
DP-2040,70.05,45.26,8.71,1.76,75.66,75.36,5,2,5.2,248.89,83.57,28,2.77,MEDIUM
DP-2041,77.59,81.2,1.22,0.0,76.7,90.14,4,0,0.0,217.73,84.73,57,5.36,LOW
DP-2042,49.18,60.59,9.12,0.0,47.24,61.54,6,3,11.09,225.95,66.41,30,5.65,HIGH
DP-2043,43.46,33.96,0.17,10.17,45.15,46.01,8,3,15.61,232.78,80.04,103,2.16,HIGH
DP-2044,44.07,49.68,0.0,6.06,53.58,38.1,8,1,4.98,240.43,81.23,27,4.38,HIGH
DP-2045,57.07,57.64,0.91,2.8,45.71,47.14,5,0,4.72,121.72,88.82,9,5.05,LOW
DP-2046,22.07,5.35,0.5,6.83,27.92,10.49,4,1,12.98,233.01,83.81,22,2.07,HIGH
DP-2047,41.97,35.07,6.02,2.79,42.08,40.49,3,1,0.0,152.04,81.44,15,1.38,HIGH
DP-2048,55.23,67.57,0.0,0.0,60.2,41.29,7,1,6.77,216.46,92.72,36,5.03,MEDIUM
DP-2049,64.84,53.66,0.12,2.7,77.84,81.03,4,0,2.96,240.35,84.0,6,4.7,MEDIUM
DP-2050,64.59,50.08,8.34,13.18,55.48,44.95,4,1,16.65,81.87,79.05,47,3.79,MEDIUM
DP-2051,74.61,73.12,0.0,6.08,86.58,71.47,5,0,5.46,287.85,82.11,25,5.88,LOW
DP-2052,46.52,50.4,6.09,0.0,66.54,46.62,5,0,8.18,160.7,76.44,12,4.83,MEDIUM
DP-2053,71.87,78.0,9.09,0.81,66.12,59.94,3,0,12.36,311.47,81.15,17,5.32,LOW
DP-2054,68.86,62.52,0.0,11.98,59.49,76.37,3,0,7.94,326.98,78.62,30,4.06,LOW
DP-2055,49.33,60.17,6.05,6.32,63.56,19.19,3,1,5.0,158.46,85.78,13,5.11,LOW
DP-2056,66.71,80.59,0.0,0.0,72.29,78.33,4,0,8.14,201.81,90.26,27,6.46,LOW
DP-2057,45.75,38.72,3.26,5.22,53.01,30.63,1,0,10.68,172.99,91.55,27,3.59,LOW
DP-2058,69.46,70.02,0.0,0.0,87.92,80.39,2,0,7.76,196.71,87.51,28,5.21,LOW
DP-2059,73.23,73.71,0.0,6.83,50.52,80.1,1,0,11.17,309.14,84.98,26,5.1,LOW
DP-2060,30.49,42.92,7.85,9.98,31.96,20.5,4,0,11.0,198.04,84.94,62,3.3,LOW
DP-2061,75.21,82.64,0.0,0.0,62.56,48.08,3,2,5.91,174.15,90.99,45,5.77,LOW
DP-2062,54.27,29.51,12.95,12.4,44.26,56.08,2,1,5.95,118.75,84.49,34,3.43,MEDIUM
DP-2063,31.11,42.28,16.1,15.21,48.98,53.2,2,0,17.78,195.49,79.82,35,3.14,MEDIUM
DP-2064,65.93,58.8,1.1,10.9,66.31,79.22,3,0,0.77,148.57,77.94,30,5.0,LOW
DP-2065,36.17,25.64,13.03,2.34,40.75,30.77,6,1,4.35,219.97,77.03,24,3.98,MEDIUM
DP-2066,82.93,100.0,0.49,0.0,66.17,64.51,3,0,8.61,87.37,86.22,37,7.75,LOW
DP-2067,22.2,22.42,12.72,15.48,5.0,19.7,7,1,9.71,114.03,81.39,47,2.05,HIGH
DP-2068,75.49,80.18,0.0,7.72,100.0,98.71,2,0,2.15,154.57,72.33,42,4.95,LOW
DP-2069,79.92,64.26,0.0,8.59,65.73,72.26,2,0,13.8,190.55,80.94,30,5.42,MEDIUM
DP-2070,37.13,25.47,6.14,3.76,44.7,35.07,5,0,17.04,211.18,93.36,24,2.41,MEDIUM
DP-2071,20.56,34.38,0.48,0.0,25.69,20.7,7,2,5.35,285.14,86.24,43,3.23,HIGH
DP-2072,81.36,69.51,0.0,4.74,81.23,80.05,3,0,7.8,224.24,74.37,34,7.74,LOW
DP-2073,93.56,93.99,0.0,2.34,100.0,77.83,3,0,0.22,94.98,86.74,34,6.11,LOW
DP-2074,41.56,30.81,17.79,15.34,41.54,36.63,1,1,11.64,252.81,76.91,16,2.6,MEDIUM
DP-2075,76.31,91.78,13.19,8.32,53.91,72.22,2,0,6.89,209.11,74.01,20,6.43,LOW
DP-2076,93.17,100.0,9.31,1.64,100.0,99.81,2,0,7.01,296.89,89.36,43,5.79,LOW
DP-2077,68.85,65.95,0.0,10.58,45.43,90.0,3,0,9.95,161.35,87.01,14,5.63,LOW
DP-2078,81.97,79.09,0.67,2.15,67.92,63.52,7,0,15.04,115.98,83.42,27,6.15,LOW
DP-2079,40.78,31.64,4.36,6.68,46.37,34.93,5,0,10.08,271.36,91.4,27,3.81,MEDIUM
DP-2080,35.35,46.17,4.07,8.55,18.58,33.83,1,0,9.36,183.29,80.81,25,4.19,MEDIUM
DP-2081,41.64,47.12,0.0,5.61,50.63,60.73,4,0,15.68,232.77,87.41,46,5.54,MEDIUM
DP-2082,78.97,76.68,18.04,11.06,47.46,100.0,5,1,12.51,271.84,78.49,13,5.18,MEDIUM
DP-2083,75.8,100.0,0.0,8.93,71.06,89.96,2,0,7.36,233.02,71.49,11,7.53,LOW
DP-2084,77.52,74.23,1.46,13.14,76.2,98.75,6,0,5.98,178.12,91.87,69,6.05,LOW
DP-2085,43.29,47.97,0.0,2.24,32.59,35.22,6,1,5.95,101.99,93.39,28,4.26,HIGH
DP-2086,44.93,54.98,0.0,6.62,56.57,53.22,5,0,16.61,80.0,87.54,26,2.41,MEDIUM
DP-2087,45.47,58.12,0.0,0.0,38.3,50.21,10,1,0.12,188.95,79.99,70,5.3,MEDIUM
DP-2088,16.1,20.8,13.24,0.4,17.92,3.29,6,1,16.91,189.92,88.98,53,1.76,HIGH
DP-2089,45.92,56.31,0.0,5.04,46.16,63.27,3,1,7.84,185.25,83.07,39,3.98,MEDIUM
DP-2090,56.87,48.51,1.7,0.05,67.7,65.92,4,0,5.31,151.78,84.13,22,4.09,LOW
DP-2091,79.01,80.04,3.17,9.43,91.38,71.95,4,0,14.42,134.69,98.31,17,5.17,LOW
DP-2092,70.31,76.58,0.0,0.0,60.38,89.23,1,0,11.32,284.71,83.79,53,5.68,LOW
DP-2093,60.66,55.02,10.17,0.0,74.22,44.5,5,0,9.68,237.35,87.91,33,4.38,LOW
DP-2094,48.39,50.66,4.92,7.62,61.34,61.88,5,1,10.25,293.53,86.75,44,4.41,MEDIUM
DP-2095,58.81,68.88,5.55,0.32,64.24,54.39,4,1,3.98,149.57,75.52,3,3.92,MEDIUM
DP-2096,82.18,84.33,4.02,0.0,81.52,85.45,1,0,8.77,230.73,86.99,12,5.82,LOW
DP-2097,46.9,55.37,9.33,6.02,74.17,46.48,5,0,17.18,264.75,98.0,47,3.52,MEDIUM
DP-2098,72.02,75.28,9.26,5.59,87.8,58.23,5,0,2.87,137.77,86.95,86,5.28,LOW
DP-2099,60.36,53.67,7.06,11.38,60.79,42.59,6,0,5.06,213.91,66.91,26,4.15,MEDIUM
DP-2100,68.94,64.26,1.0,0.0,63.56,91.27,2,0,13.13,163.21,98.22,44,5.12,LOW
DP-2101,84.78,78.11,6.8,9.25,87.73,94.38,2,0,15.38,233.96,90.33,24,4.95,LOW
DP-2102,79.28,78.58,6.6,5.96,55.5,98.55,4,0,13.15,246.32,99.25,46,4.92,LOW
DP-2103,63.59,49.1,2.01,6.79,61.79,66.62,4,0,6.03,294.56,84.44,6,4.7,MEDIUM
DP-2104,76.91,92.93,3.25,1.01,88.47,82.09,5,0,9.7,145.31,83.13,20,6.5,LOW
DP-2105,88.68,93.21,1.75,10.49,87.46,84.61,2,0,5.19,129.08,88.95,29,7.05,LOW
DP-2106,64.57,60.63,0.0,0.0,63.98,70.43,2,0,9.35,141.01,84.57,16,5.79,LOW
DP-2107,73.37,69.06,0.0,14.66,68.69,67.51,6,1,9.83,277.35,73.71,39,5.32,MEDIUM
DP-2108,11.69,5.0,9.54,14.4,23.1,25.35,4,3,12.21,316.14,72.06,46,0.99,HIGH
DP-2109,74.89,94.08,0.0,11.14,79.45,84.23,3,1,3.0,163.2,74.75,3,7.11,LOW
DP-2110,74.15,77.62,6.09,1.82,71.51,66.91,2,0,7.7,106.57,80.78,8,5.75,LOW
DP-2111,73.57,74.35,11.66,0.0,74.76,75.47,4,0,7.3,225.72,84.02,31,4.85,LOW
DP-2112,63.87,61.56,9.15,0.0,69.58,56.56,2,1,18.59,250.47,92.08,25,4.47,MEDIUM
DP-2113,82.48,87.34,0.0,7.27,90.29,70.57,3,0,0.0,213.32,89.18,35,7.45,LOW
DP-2114,40.02,52.68,20.4,0.24,15.06,41.83,3,0,11.57,200.82,83.29,20,4.61,HIGH
DP-2115,49.64,72.01,7.73,3.07,56.61,44.55,7,3,18.91,308.65,79.5,8,4.77,HIGH
DP-2116,35.0,18.29,4.22,9.44,33.84,28.03,8,1,13.87,118.92,91.52,12,2.72,HIGH
DP-2117,16.31,27.45,0.0,1.39,10.5,25.16,7,2,15.86,220.38,84.32,15,3.64,HIGH
DP-2118,58.67,61.71,0.0,0.0,61.43,55.03,2,0,1.42,160.42,78.43,14,5.21,LOW
DP-2119,64.91,50.45,3.18,0.0,59.5,73.21,3,0,8.12,208.07,87.76,17,4.78,LOW
DP-2120,62.33,63.24,0.0,4.92,75.17,52.29,3,0,2.84,220.14,92.96,63,5.15,LOW
DP-2121,23.26,49.3,0.0,6.84,31.93,18.91,5,0,2.7,80.0,100.0,40,4.11,MEDIUM
DP-2122,53.29,52.46,0.0,4.91,52.87,57.31,1,1,8.83,180.31,96.14,34,4.59,MEDIUM
DP-2123,38.61,46.82,7.22,9.91,60.41,62.29,3,0,8.75,230.18,84.2,29,4.17,MEDIUM
DP-2124,47.36,44.87,7.63,0.0,61.88,37.22,5,0,15.15,196.32,100.0,68,4.1,MEDIUM
DP-2125,52.85,68.5,4.67,14.25,82.25,38.41,2,0,15.04,162.57,84.76,19,5.29,LOW
DP-2126,55.31,59.48,3.73,0.37,65.7,56.42,2,0,14.84,284.94,95.24,21,4.15,LOW
DP-2127,57.21,77.19,5.59,1.52,53.09,65.14,6,0,9.71,193.75,84.54,69,5.48,LOW
DP-2128,86.54,90.4,2.27,0.0,63.86,100.0,3,0,2.61,255.88,76.62,51,6.47,LOW
DP-2129,27.18,18.65,11.64,9.51,37.44,42.62,6,0,20.38,199.62,73.2,10,1.52,HIGH
DP-2130,67.63,46.76,10.34,5.96,71.22,79.47,0,0,6.44,134.38,63.3,17,3.7,LOW
DP-2131,60.78,60.67,0.0,3.09,44.84,38.2,2,2,10.38,148.85,65.4,30,5.24,MEDIUM
DP-2132,62.02,51.22,0.0,2.16,53.42,38.03,1,0,3.72,273.94,87.19,22,5.47,LOW
DP-2133,68.14,70.97,4.9,0.0,74.0,99.0,1,0,17.42,109.33,83.99,30,5.75,LOW
DP-2134,69.35,63.63,6.37,7.15,86.38,67.17,4,1,5.78,197.5,84.98,34,4.41,MEDIUM
DP-2135,67.65,76.55,12.81,0.0,46.74,82.01,1,0,8.48,228.21,90.27,16,5.61,LOW
DP-2136,40.05,25.38,6.96,13.09,33.95,28.08,4,1,8.87,283.63,84.8,44,3.03,HIGH
DP-2137,41.02,42.24,0.0,0.44,12.64,55.41,6,1,3.65,174.14,85.64,8,4.92,HIGH
DP-2138,90.4,95.71,0.78,1.87,87.88,74.76,0,0,7.35,157.1,93.39,41,6.54,LOW
DP-2139,64.96,56.48,8.16,6.12,63.04,66.66,4,0,3.24,114.33,77.2,11,5.15,MEDIUM
DP-2140,47.68,39.82,3.01,0.48,47.88,40.08,2,0,5.0,219.97,87.96,5,3.97,MEDIUM
DP-2141,97.5,100.0,0.0,3.03,100.0,92.17,2,0,2.96,248.95,80.52,14,7.74,LOW
DP-2142,75.54,83.03,0.0,5.24,80.81,83.77,4,0,12.34,251.75,73.01,21,6.83,LOW
DP-2143,67.98,67.11,1.78,8.95,76.43,90.7,4,0,14.46,203.9,74.79,57,6.32,LOW
DP-2144,35.29,30.98,5.79,7.24,37.11,23.41,5,2,10.78,124.74,84.2,67,3.71,HIGH
DP-2145,62.61,52.62,0.0,6.41,82.69,55.89,3,0,9.78,196.54,87.52,51,6.12,LOW
DP-2146,70.74,64.33,0.0,9.84,59.94,65.89,4,0,14.61,221.8,89.87,38,5.36,MEDIUM
DP-2147,88.27,94.23,2.37,9.47,100.0,72.36,2,0,10.15,260.03,77.05,21,6.25,LOW
DP-2148,34.8,27.22,11.43,9.12,28.8,50.42,5,1,15.47,93.72,81.03,25,1.37,HIGH
DP-2149,73.87,77.62,0.94,10.53,71.09,94.18,7,0,15.82,89.65,84.89,65,5.07,LOW
DP-2150,44.54,47.59,2.27,12.5,18.73,53.66,5,1,3.86,181.11,66.31,19,4.65,MEDIUM
DP-2151,80.45,80.73,10.88,2.09,72.77,82.77,2,0,0.42,163.88,89.53,38,5.16,LOW
DP-2152,69.51,87.52,1.3,0.98,57.5,70.25,6,0,0.79,188.65,86.03,37,7.22,LOW
DP-2153,19.69,5.0,3.39,0.5,22.06,19.15,4,0,12.53,325.78,79.64,19,3.13,MEDIUM
DP-2154,58.78,58.57,11.08,0.0,77.73,39.08,5,2,14.67,194.99,81.0,44,4.62,HIGH
DP-2155,49.22,47.53,0.0,3.67,58.88,29.54,5,1,12.12,261.69,72.62,42,4.79,MEDIUM
DP-2156,67.49,70.94,2.81,0.0,82.4,54.73,2,0,20.19,208.67,94.83,31,5.16,LOW
DP-2157,27.2,24.92,1.68,9.66,55.53,0.0,7,1,13.17,119.51,81.36,75,4.05,HIGH
DP-2158,78.7,64.19,0.18,2.6,88.24,100.0,1,0,0.0,178.27,79.92,39,6.08,LOW
DP-2159,75.17,70.14,0.0,15.18,83.3,96.07,3,1,1.5,249.31,78.02,49,5.52,LOW
DP-2160,61.99,50.05,7.85,15.51,76.63,56.95,1,0,16.71,158.4,88.43,17,3.0,MEDIUM
DP-2161,79.66,86.1,8.13,0.0,75.1,64.15,3,0,9.38,207.82,95.47,57,6.36,LOW
DP-2162,37.9,30.34,0.0,1.53,45.74,67.92,3,0,17.51,301.13,80.32,32,2.87,MEDIUM
DP-2163,68.2,59.15,6.92,4.57,65.04,71.08,2,1,17.46,281.54,84.96,28,4.27,MEDIUM
DP-2164,44.85,27.07,4.27,13.11,44.38,38.62,8,0,7.27,169.15,81.2,25,3.5,MEDIUM
DP-2165,94.1,100.0,6.23,7.92,100.0,79.05,2,0,18.65,262.94,82.54,41,7.08,LOW
DP-2166,44.81,64.73,4.16,8.17,56.84,11.09,2,0,15.74,230.45,93.7,32,5.41,MEDIUM
DP-2167,44.96,75.93,8.78,8.41,30.45,58.89,1,0,1.79,185.31,87.87,17,4.94,LOW
DP-2168,47.02,51.81,0.0,3.82,33.15,56.53,4,0,10.05,139.41,84.01,27,4.08,LOW
DP-2169,72.78,52.18,5.98,0.0,63.64,58.01,4,0,11.68,246.47,96.82,45,4.72,LOW
DP-2170,79.78,100.0,0.0,6.11,76.54,91.91,1,0,8.84,80.0,69.13,12,6.34,LOW
DP-2171,76.35,59.04,0.0,8.33,66.76,80.67,2,0,3.71,173.72,89.63,15,3.03,LOW
DP-2172,24.45,23.39,0.0,4.26,22.4,34.78,10,2,8.14,211.65,71.36,14,2.19,HIGH
DP-2173,55.45,50.26,12.92,4.15,44.13,51.8,1,0,16.66,237.52,77.14,48,4.06,MEDIUM
DP-2174,91.69,80.99,0.0,0.0,84.48,100.0,3,0,18.91,192.38,88.58,15,5.96,LOW
DP-2175,74.85,89.62,1.01,11.91,78.31,68.42,3,1,15.77,80.0,86.89,22,6.46,LOW
DP-2176,56.2,44.36,0.0,11.19,59.92,86.21,2,0,13.36,264.9,92.55,49,4.04,LOW
DP-2177,76.56,90.66,0.0,0.0,61.03,65.24,2,0,3.68,231.23,76.38,2,7.02,LOW
DP-2178,45.21,51.11,9.0,1.7,46.61,57.29,3,1,8.46,375.69,86.39,22,3.16,MEDIUM
DP-2179,81.94,76.73,0.0,0.0,92.62,84.07,2,0,10.75,120.1,80.81,14,5.77,LOW
DP-2180,14.52,5.28,1.45,6.46,11.68,40.87,5,2,8.31,87.82,76.02,16,1.03,HIGH
DP-2181,68.97,62.6,1.92,0.0,82.56,92.88,3,0,13.76,290.74,95.74,41,5.09,LOW
DP-2182,59.93,53.59,0.0,0.0,72.23,79.43,6,1,16.68,272.31,92.91,22,3.91,MEDIUM
DP-2183,22.83,34.91,7.62,10.9,46.97,24.02,7,2,0.0,276.06,82.66,34,2.53,HIGH
DP-2184,45.96,52.63,0.5,4.98,30.42,34.44,3,0,13.69,198.93,86.95,30,4.04,MEDIUM
DP-2185,22.55,30.71,8.17,3.13,28.59,7.69,4,1,17.23,184.51,88.19,33,3.02,HIGH
DP-2186,61.55,79.84,0.0,0.0,88.63,37.22,2,0,0.0,213.6,87.89,20,4.93,LOW
DP-2187,71.97,80.37,1.23,1.27,75.46,66.73,3,0,0.36,175.69,93.86,48,6.79,LOW
DP-2188,39.39,36.22,6.99,12.24,52.15,51.67,4,2,0.0,313.2,81.34,18,3.66,HIGH
DP-2189,76.52,69.43,0.65,1.29,61.59,100.0,1,0,8.5,260.09,87.62,67,5.61,MEDIUM
DP-2190,81.75,85.14,8.62,4.62,82.25,95.59,6,0,12.88,204.46,85.91,26,6.17,LOW
DP-2191,36.03,24.48,5.38,7.14,16.07,34.7,5,0,13.95,243.61,76.49,26,1.49,MEDIUM
DP-2192,73.38,63.73,7.56,0.0,95.24,71.45,5,1,2.65,179.38,82.17,21,5.67,MEDIUM
DP-2193,45.98,46.51,3.81,3.98,51.96,30.79,3,0,3.53,174.11,74.52,28,4.4,MEDIUM
DP-2194,52.38,53.06,10.11,11.01,28.57,56.41,1,0,0.0,164.2,93.75,21,4.2,LOW
DP-2195,88.81,81.49,0.0,1.94,82.61,100.0,2,0,2.02,246.71,89.98,27,5.65,LOW
DP-2196,12.92,5.0,9.23,12.38,22.03,16.87,9,0,29.17,297.81,82.34,43,1.59,HIGH
DP-2197,63.26,64.53,0.0,1.17,45.37,30.06,0,0,9.11,230.03,86.12,13,5.42,LOW
DP-2198,73.52,83.24,4.43,1.59,74.22,75.2,2,0,7.21,279.96,91.19,21,6.8,LOW
DP-2199,36.22,36.11,8.53,12.62,40.43,43.56,6,2,13.35,152.26,77.86,34,1.45,HIGH
DP-2200,54.79,47.3,10.07,2.51,74.58,73.17,7,4,6.03,156.9,80.85,72,3.18,HIGH
DP-2201,42.11,50.59,3.01,4.6,65.79,59.09,4,0,9.12,279.11,86.01,22,4.35,LOW
DP-2202,72.39,62.58,7.76,0.0,63.2,66.35,2,1,6.86,212.24,89.35,24,3.58,LOW
DP-2203,64.69,57.29,1.22,2.63,61.37,46.7,3,0,0.0,155.2,84.28,13,4.75,LOW
DP-2204,60.84,62.14,1.76,0.0,50.38,72.21,5,0,11.92,286.08,91.49,29,5.1,LOW
DP-2205,59.14,59.07,0.98,1.17,71.24,37.75,2,1,1.87,183.39,92.72,30,5.38,LOW
DP-2206,64.26,63.61,7.95,4.52,68.65,67.87,2,0,7.44,80.0,92.83,23,3.68,LOW
DP-2207,41.91,42.99,7.01,0.0,28.48,17.84,5,0,11.14,222.5,100.0,44,5.3,LOW
DP-2208,75.28,80.05,0.47,0.0,63.82,65.26,3,0,9.57,292.48,89.36,41,4.08,MEDIUM
DP-2209,48.27,52.52,3.26,0.0,66.35,44.54,4,1,12.33,300.15,85.4,17,2.15,MEDIUM
DP-2210,23.18,27.86,10.62,7.07,25.5,30.9,3,0,17.47,218.11,81.31,39,4.41,HIGH
DP-2211,83.3,100.0,2.88,0.0,78.74,94.03,0,0,9.95,216.5,90.95,12,7.61,LOW
DP-2212,60.58,55.11,4.0,8.11,52.97,61.96,2,0,11.16,252.1,94.88,12,5.89,LOW
DP-2213,44.29,11.96,0.0,2.83,50.31,27.64,2,1,0.0,251.96,81.84,32,2.68,MEDIUM
DP-2214,62.75,52.18,0.0,0.23,56.88,79.06,5,1,10.07,105.99,83.02,18,5.21,MEDIUM
DP-2215,36.88,38.48,4.71,12.61,38.02,32.98,4,1,2.82,266.82,83.84,50,4.07,MEDIUM
DP-2216,79.62,79.35,0.0,8.29,73.69,78.8,5,0,6.04,133.94,95.58,23,6.32,LOW
DP-2217,68.35,50.78,0.81,8.69,88.23,61.41,5,1,8.73,88.25,91.28,38,4.88,LOW
DP-2218,52.99,52.04,9.74,0.85,69.8,44.76,6,1,11.98,290.94,80.62,28,4.06,MEDIUM
DP-2219,39.68,27.56,7.87,7.07,42.82,21.02,8,0,7.52,321.29,81.49,48,2.44,MEDIUM
DP-2220,49.82,32.23,6.82,11.07,50.78,42.48,5,1,13.62,241.21,87.3,27,2.96,HIGH
DP-2221,55.2,69.41,0.0,4.48,42.13,60.16,2,0,0.0,327.31,85.47,13,4.4,MEDIUM
DP-2222,53.44,42.92,0.0,8.15,46.39,94.62,2,0,15.11,279.48,96.07,32,4.11,LOW
DP-2223,45.62,67.8,5.63,14.61,45.13,37.03,2,0,15.98,234.95,77.07,46,4.91,MEDIUM
DP-2224,38.12,49.93,2.0,4.1,27.41,37.5,4,1,14.79,216.44,86.04,19,4.23,MEDIUM
DP-2225,64.29,66.36,0.0,7.06,72.86,67.61,5,1,5.12,143.27,88.79,38,5.51,LOW
DP-2226,40.94,55.53,0.0,14.73,44.94,44.28,4,2,18.59,194.23,75.94,30,3.79,MEDIUM
DP-2227,48.87,70.04,6.3,8.53,56.06,63.22,4,1,14.09,212.63,76.78,16,5.88,MEDIUM
DP-2228,81.84,92.06,4.76,2.13,88.36,91.94,2,0,0.0,110.06,73.0,27,6.91,LOW
DP-2229,71.4,80.84,5.15,2.7,89.64,86.85,5,1,3.49,230.83,79.81,40,5.34,LOW
DP-2230,78.33,76.28,7.21,0.26,52.41,79.07,1,0,0.0,136.66,82.94,19,5.57,LOW
DP-2231,37.57,25.28,5.15,13.78,55.68,22.68,7,0,17.56,145.02,91.62,16,3.55,MEDIUM
DP-2232,30.36,21.32,11.26,13.91,27.62,17.99,4,2,5.16,189.38,82.87,13,2.62,HIGH
DP-2233,70.25,59.67,9.71,0.93,61.94,100.0,4,0,11.77,156.99,87.34,26,4.09,LOW
DP-2234,13.5,32.85,13.85,2.48,5.0,12.95,3,2,9.19,100.18,88.74,33,1.31,HIGH
DP-2235,75.72,82.77,0.0,0.0,80.37,79.51,2,0,0.0,85.82,83.99,69,5.65,LOW
DP-2236,57.18,59.47,3.1,5.93,60.43,52.04,3,0,7.56,236.66,83.62,13,4.28,MEDIUM
DP-2237,75.37,68.96,10.06,7.43,66.97,100.0,6,1,3.6,153.7,86.58,26,4.92,MEDIUM
DP-2238,62.96,66.95,12.25,15.09,64.31,57.9,3,0,11.44,83.28,74.34,25,3.83,MEDIUM
DP-2239,82.69,92.76,4.48,11.63,91.96,79.71,0,0,6.78,215.38,82.54,20,6.95,LOW
DP-2240,64.95,56.88,6.44,13.77,33.12,55.28,5,0,4.02,209.34,85.26,13,3.82,MEDIUM
DP-2241,56.52,70.95,6.52,16.57,68.35,50.29,2,0,4.29,199.01,80.97,14,4.44,MEDIUM
DP-2242,60.29,62.28,0.42,0.0,91.04,53.28,7,0,13.63,201.12,78.56,26,4.8,LOW
DP-2243,67.84,70.55,1.13,12.41,57.13,79.92,4,0,10.33,110.11,86.82,24,5.58,MEDIUM
DP-2244,46.78,34.36,0.32,0.0,44.34,41.68,5,1,7.1,185.5,97.49,63,3.26,MEDIUM
DP-2245,19.94,6.06,6.87,6.02,25.85,39.35,10,2,13.31,165.02,94.14,17,2.4,HIGH
DP-2246,65.47,75.0,0.0,5.92,56.56,54.0,2,0,14.38,205.78,88.27,43,5.27,LOW
DP-2247,78.23,80.14,8.48,11.61,67.37,80.16,3,0,7.37,171.9,72.36,59,4.75,MEDIUM
DP-2248,52.5,52.07,6.34,8.31,67.63,65.17,6,0,7.17,161.76,85.99,33,5.34,LOW
DP-2249,85.4,74.83,4.89,0.0,92.77,69.3,4,0,3.91,208.93,75.06,38,5.0,MEDIUM
DP-2250,53.5,47.56,3.37,11.07,31.86,55.17,2,0,1.88,145.09,94.97,6,2.69,LOW
DP-2251,34.26,20.73,9.57,5.04,50.79,13.65,4,0,23.05,297.73,71.29,46,2.16,HIGH
DP-2252,83.04,50.16,5.64,9.81,60.46,78.99,1,0,7.36,213.67,100.0,39,5.37,LOW
DP-2253,55.52,43.99,0.0,4.64,43.81,34.63,2,0,7.93,265.27,79.31,47,3.88,MEDIUM
DP-2254,65.88,59.94,4.42,14.87,46.45,82.23,0,0,11.42,146.73,72.6,22,4.83,LOW
DP-2255,80.9,100.0,0.0,0.0,75.18,78.94,3,0,3.4,230.22,80.94,4,7.09,LOW
DP-2256,28.78,37.46,6.86,11.17,24.35,43.82,11,0,2.8,165.15,86.69,59,3.86,HIGH
DP-2257,27.91,22.32,0.0,10.7,29.5,36.88,5,0,3.67,273.48,89.51,34,3.27,MEDIUM
DP-2258,85.2,76.83,3.73,10.19,77.04,100.0,2,0,0.0,230.52,91.95,12,5.42,LOW
DP-2259,35.91,58.14,0.0,12.4,28.44,46.14,6,1,8.22,224.91,94.52,29,4.86,LOW
DP-2260,65.07,55.5,0.0,2.8,67.0,65.43,5,0,4.77,139.33,89.89,24,4.64,LOW
DP-2261,62.75,74.35,1.9,3.4,57.99,72.55,3,1,9.58,260.46,84.94,29,5.15,MEDIUM
DP-2262,71.51,62.59,16.95,5.41,65.3,76.26,4,0,17.69,218.93,91.72,30,4.29,MEDIUM
DP-2263,83.6,83.95,0.0,0.65,100.0,77.77,3,0,2.21,187.52,91.72,41,5.24,LOW
DP-2264,44.29,45.95,7.17,4.87,29.94,43.19,3,0,14.05,155.03,90.24,39,3.35,LOW
DP-2265,76.82,72.55,3.1,5.99,99.28,81.12,3,0,5.72,272.72,90.84,12,5.43,LOW
DP-2266,46.0,42.19,8.41,6.41,35.03,63.49,3,1,6.46,139.36,82.77,38,3.29,LOW
DP-2267,23.66,22.56,0.0,14.95,14.88,20.97,3,0,10.89,145.58,83.44,32,2.5,LOW
DP-2268,87.27,98.6,0.0,0.0,100.0,84.14,2,0,14.37,148.92,88.77,27,6.2,LOW
DP-2269,55.66,49.75,0.0,0.67,65.22,57.14,1,0,6.99,192.48,91.98,12,5.11,LOW
DP-2270,36.36,32.93,4.4,18.22,33.48,30.52,2,1,14.84,175.19,70.32,7,2.71,MEDIUM
DP-2271,63.74,68.3,0.0,0.0,50.97,58.05,2,0,14.23,317.38,71.87,21,4.62,LOW
DP-2272,29.55,33.22,1.58,0.0,22.92,17.01,6,3,10.98,193.63,80.01,56,2.7,HIGH
DP-2273,67.63,71.16,3.45,6.19,65.06,91.51,4,0,10.92,224.65,93.24,35,6.13,LOW
DP-2274,63.15,74.11,0.0,1.52,64.82,52.07,3,0,12.23,222.7,89.89,23,5.73,LOW
DP-2275,52.09,47.05,8.58,10.43,57.25,60.99,4,2,19.61,85.12,87.61,31,4.69,LOW
DP-2276,49.43,57.29,9.35,0.0,49.82,40.17,5,2,11.18,220.76,91.06,19,4.35,HIGH
DP-2277,87.81,96.14,0.0,9.55,56.26,76.35,0,0,0.61,107.35,78.86,10,8.0,LOW
DP-2278,48.17,65.32,0.0,6.91,39.28,45.28,6,0,5.95,220.61,82.02,27,4.76,MEDIUM
DP-2279,83.2,100.0,0.0,0.0,80.53,90.29,1,1,10.88,242.82,79.11,15,5.94,LOW
DP-2280,67.8,76.65,11.19,16.18,59.11,72.61,3,1,8.99,152.82,79.94,29,5.68,LOW
DP-2281,60.4,55.48,3.96,10.27,44.66,60.22,6,1,4.5,129.26,85.65,30,4.13,MEDIUM
DP-2282,79.77,64.41,1.49,3.49,80.21,90.26,3,1,15.55,241.8,88.0,24,4.99,LOW
DP-2283,48.27,51.35,0.79,0.0,47.02,61.24,6,0,13.15,180.0,90.09,39,4.09,LOW
DP-2284,48.24,38.78,13.09,6.18,61.46,56.57,4,1,17.8,271.79,81.48,28,3.04,MEDIUM
DP-2285,34.05,18.88,15.36,18.23,23.42,50.77,4,0,19.72,266.08,88.05,34,2.69,HIGH
DP-2286,40.32,32.52,5.52,0.0,15.08,31.1,10,2,10.05,121.44,75.77,18,3.36,HIGH
DP-2287,76.97,80.95,3.54,0.0,67.57,92.16,4,0,9.79,227.02,97.62,14,5.86,LOW
DP-2288,47.04,46.24,0.9,3.27,42.09,38.31,3,0,5.11,183.42,93.69,9,4.18,LOW
DP-2289,91.12,83.87,1.02,4.01,74.52,100.0,3,0,10.04,234.15,77.6,9,6.11,LOW
DP-2290,80.71,74.63,7.81,8.18,82.39,99.44,3,0,0.13,214.97,89.98,47,6.75,LOW
DP-2291,33.76,34.51,0.0,9.82,24.94,30.9,2,1,9.26,80.0,90.68,18,2.02,MEDIUM
DP-2292,35.55,26.89,12.0,7.71,36.08,34.6,1,0,12.04,181.69,91.85,23,2.05,MEDIUM
DP-2293,53.96,49.27,0.0,0.0,47.67,55.31,1,0,5.23,178.09,80.5,5,4.15,LOW
DP-2294,56.1,45.07,17.83,9.98,49.65,51.6,2,0,14.62,211.28,79.0,55,3.01,MEDIUM
DP-2295,65.95,57.12,0.0,0.0,69.98,80.49,3,0,13.41,158.33,93.29,45,5.68,LOW
DP-2296,60.22,65.75,0.0,0.0,50.7,78.02,6,1,14.13,132.17,87.84,16,5.16,HIGH
DP-2297,58.45,59.0,0.0,7.03,43.72,52.48,4,0,7.21,124.18,89.42,23,4.93,LOW
DP-2298,84.56,70.73,0.0,8.32,82.52,96.03,3,0,3.59,171.6,84.92,29,6.08,LOW
DP-2299,20.79,15.78,2.24,12.54,18.84,27.17,6,2,11.91,193.55,80.85,36,1.79,HIGH
DP-2300,33.93,30.62,4.82,2.23,31.13,58.08,8,3,18.1,234.42,84.95,20,2.02,HIGH
DP-2301,62.52,58.23,11.47,0.0,69.87,41.69,2,0,10.8,271.11,75.3,24,4.95,LOW
DP-2302,85.53,78.26,6.58,7.42,66.27,94.56,4,1,3.31,99.25,92.06,17,4.38,LOW
DP-2303,51.8,67.96,16.94,1.74,42.15,40.57,6,1,16.35,419.09,80.58,29,6.5,MEDIUM
DP-2304,90.96,94.76,0.0,5.24,100.0,100.0,6,0,11.6,299.1,75.72,73,6.0,LOW
DP-2305,23.83,9.68,13.83,5.14,15.34,25.66,5,0,15.87,183.75,94.44,26,0.62,HIGH
DP-2306,47.84,37.64,0.77,0.0,31.61,39.98,8,1,8.59,125.42,81.87,23,4.09,MEDIUM
DP-2307,79.85,70.35,3.87,0.0,77.05,64.47,2,0,1.26,200.0,92.89,20,4.17,LOW
DP-2308,59.46,62.32,0.52,5.69,52.18,64.38,6,1,12.97,281.84,79.34,31,4.93,MEDIUM
DP-2309,61.42,73.72,0.0,0.2,37.87,65.1,4,0,4.77,176.84,89.42,19,6.7,LOW
DP-2310,58.84,52.46,6.19,8.4,48.83,56.52,5,0,19.08,215.97,86.04,11,3.61,MEDIUM
DP-2311,47.13,84.81,6.37,0.0,35.86,52.26,4,0,6.84,168.18,93.3,17,6.26,LOW
DP-2312,90.16,100.0,0.0,7.59,100.0,88.42,3,0,9.8,225.56,93.12,16,5.86,LOW
DP-2313,35.21,22.02,8.93,6.86,14.67,47.77,1,0,24.0,191.69,75.57,26,2.24,MEDIUM
DP-2314,38.59,38.12,9.19,4.64,32.5,25.3,0,0,14.1,269.76,72.97,59,3.83,MEDIUM
DP-2315,32.39,45.57,0.0,15.22,44.81,52.28,5,0,10.18,251.44,88.6,38,4.61,MEDIUM
DP-2316,83.92,85.81,0.0,2.78,83.72,82.96,5,0,9.69,165.95,84.53,2,7.03,LOW
DP-2317,48.85,34.49,4.69,2.82,52.53,88.14,5,0,7.78,171.97,81.5,29,3.75,MEDIUM
DP-2318,69.22,75.37,6.37,4.31,75.53,51.07,2,0,15.18,277.59,78.75,39,4.75,MEDIUM
DP-2319,52.6,65.11,8.61,15.29,53.35,72.78,2,0,0.59,114.37,79.91,37,4.96,MEDIUM
DP-2320,59.76,52.75,7.53,9.98,53.83,56.28,6,2,12.03,80.0,89.17,40,4.17,MEDIUM
DP-2321,62.19,61.34,0.0,0.0,68.81,61.4,3,2,2.51,247.1,84.42,28,5.2,MEDIUM
DP-2322,76.85,79.78,0.0,0.18,79.28,80.48,5,0,14.78,208.2,88.63,40,6.4,LOW
DP-2323,67.72,73.78,6.35,6.19,70.19,75.58,3,0,11.22,171.78,84.54,40,5.84,LOW
DP-2324,34.59,20.71,7.58,9.47,50.32,43.23,4,0,10.81,154.87,82.16,28,3.37,LOW
DP-2325,53.69,49.23,0.68,6.81,54.2,55.95,4,0,10.34,172.89,94.38,65,4.18,LOW
DP-2326,77.76,79.94,3.01,0.0,62.84,73.35,1,0,11.02,352.47,88.69,31,5.84,LOW
DP-2327,43.36,57.55,6.82,7.25,13.56,41.94,4,2,13.16,227.07,75.52,66,4.4,HIGH
DP-2328,44.81,61.07,1.75,5.85,45.35,41.64,6,1,10.08,133.66,78.91,20,4.76,MEDIUM
DP-2329,65.73,66.47,0.13,10.71,66.97,69.81,6,1,10.56,234.9,86.67,49,5.47,LOW
DP-2330,74.09,70.99,0.0,0.16,71.43,55.84,2,0,4.06,216.12,92.96,58,6.15,LOW
DP-2331,28.29,24.36,1.33,4.8,35.52,23.47,5,0,6.42,309.91,81.9,75,3.74,HIGH
DP-2332,58.3,54.68,7.21,10.24,67.87,79.27,7,1,6.0,158.05,77.04,16,3.1,MEDIUM
DP-2333,47.79,45.02,6.78,7.16,67.8,49.02,5,2,16.17,205.7,80.78,65,4.46,MEDIUM
DP-2334,52.99,61.9,2.04,12.31,65.08,24.93,9,2,7.02,296.7,78.56,14,4.2,HIGH
DP-2335,86.57,68.24,12.96,9.48,80.83,93.82,1,0,4.76,185.01,83.52,27,4.52,LOW
DP-2336,62.14,81.65,2.3,14.43,51.67,61.57,2,0,15.05,165.4,95.93,9,5.78,LOW
DP-2337,84.77,85.28,7.43,1.11,68.79,79.63,5,1,21.6,245.34,77.98,49,5.47,MEDIUM
DP-2338,50.14,35.66,1.54,8.56,61.04,71.9,9,2,0.0,212.26,89.9,18,4.16,MEDIUM
DP-2339,56.85,67.72,3.33,2.18,40.14,56.88,5,0,8.41,137.83,79.15,15,5.77,LOW
DP-2340,52.66,63.19,9.43,6.45,57.35,41.25,2,0,6.52,143.11,82.91,17,4.11,MEDIUM
DP-2341,64.11,71.42,3.75,5.98,68.34,43.36,1,0,14.17,241.48,82.05,27,4.7,LOW
DP-2342,40.38,50.57,2.1,12.37,21.49,53.5,7,0,19.02,186.12,84.64,31,4.18,MEDIUM
DP-2343,31.52,62.12,0.0,0.0,22.08,55.37,6,1,4.67,112.61,74.43,15,5.43,HIGH
DP-2344,53.15,51.73,11.47,10.93,48.97,53.99,6,0,10.76,294.47,90.06,28,3.63,MEDIUM
DP-2345,66.1,46.71,1.49,13.62,44.8,46.47,6,0,10.69,173.48,98.33,9,3.05,MEDIUM
DP-2346,29.88,38.91,4.51,3.46,33.03,35.22,5,3,18.72,100.04,71.21,21,4.55,HIGH
DP-2347,50.5,44.21,0.0,9.29,62.93,44.97,4,1,4.79,80.0,91.73,40,4.16,MEDIUM
DP-2348,67.04,63.44,9.62,5.46,44.0,62.88,8,0,2.7,193.53,83.9,30,5.1,MEDIUM
DP-2349,90.48,73.31,3.47,0.0,84.48,100.0,4,0,14.88,243.04,83.79,22,4.73,LOW
DP-2350,40.27,52.32,9.02,4.92,47.38,53.8,5,1,12.74,214.84,91.51,15,5.69,MEDIUM
DP-2351,41.76,58.29,0.0,0.0,23.03,52.16,5,1,12.5,181.21,82.66,18,4.12,MEDIUM
DP-2352,65.51,60.63,0.0,0.0,64.34,65.15,6,0,0.0,144.2,88.51,7,4.65,LOW
DP-2353,84.94,100.0,0.0,5.69,68.63,100.0,2,0,10.61,314.87,71.5,24,7.13,LOW
DP-2354,61.16,64.62,0.35,0.42,67.43,68.14,1,0,12.9,177.19,87.62,17,4.68,LOW
DP-2355,61.59,56.23,6.74,8.35,64.42,69.11,10,0,13.09,183.37,100.0,57,3.48,MEDIUM
DP-2356,74.76,63.73,0.02,0.0,57.21,59.32,1,1,0.57,102.8,72.03,25,4.73,LOW
DP-2357,65.95,52.08,9.16,4.59,74.43,67.54,6,0,7.78,126.84,96.39,39,4.15,LOW
DP-2358,48.7,50.82,3.5,0.0,44.89,37.71,7,3,13.07,276.02,75.01,66,4.15,MEDIUM
DP-2359,60.59,43.29,7.07,0.0,41.49,45.44,5,0,11.66,297.14,91.51,44,3.25,HIGH
DP-2360,57.44,68.08,0.74,0.0,38.7,71.6,4,0,5.97,262.35,81.78,17,4.61,LOW
DP-2361,42.31,18.05,0.94,13.38,42.86,33.7,4,0,6.22,260.35,77.26,13,1.74,MEDIUM
DP-2362,21.89,20.7,0.15,12.44,29.2,14.25,3,0,18.83,172.87,91.77,27,3.3,MEDIUM
DP-2363,63.21,66.51,0.0,0.0,78.0,67.57,5,0,0.66,209.11,95.69,23,5.53,LOW
DP-2364,61.35,59.23,1.59,2.23,63.4,78.78,2,1,8.87,309.36,89.65,24,4.15,MEDIUM
DP-2365,35.71,35.55,10.91,10.71,35.98,22.58,9,1,9.6,336.51,75.86,16,1.98,HIGH
DP-2366,65.15,65.09,10.94,5.15,75.04,52.71,3,0,12.85,280.51,95.3,28,4.62,LOW
DP-2367,44.84,62.88,3.61,8.77,46.28,44.51,2,0,14.33,222.88,81.05,13,5.28,MEDIUM
DP-2368,51.05,64.92,4.57,10.2,61.64,31.44,4,0,5.99,159.45,87.08,27,5.96,LOW
DP-2369,38.89,43.89,3.63,4.27,43.91,34.65,9,2,5.03,209.26,81.48,13,4.12,HIGH
DP-2370,44.68,37.48,11.12,1.66,39.88,47.15,5,1,16.64,253.25,88.65,82,1.93,HIGH
DP-2371,47.44,55.52,11.13,9.02,38.64,47.0,4,0,13.39,297.09,73.6,20,5.48,MEDIUM
DP-2372,66.37,74.29,6.87,0.0,69.68,65.92,3,0,0.39,175.85,90.7,62,6.73,LOW
DP-2373,67.42,74.09,0.0,0.0,74.36,51.37,4,0,0.0,252.29,93.84,13,6.29,LOW
DP-2374,57.98,44.32,0.0,0.0,70.21,68.8,2,0,0.0,80.0,94.1,62,3.48,LOW
DP-2375,64.45,76.79,3.21,9.62,74.76,47.33,3,1,2.27,244.58,91.38,24,4.66,MEDIUM
DP-2376,33.39,22.93,0.0,15.54,25.99,26.87,3,1,6.77,249.12,80.45,66,3.1,MEDIUM
DP-2377,35.34,15.17,5.68,12.19,26.61,25.09,4,2,12.21,303.26,77.25,29,2.35,HIGH
DP-2378,26.58,41.08,5.03,11.28,37.98,36.35,3,0,11.56,167.72,77.28,59,2.97,MEDIUM
DP-2379,32.72,27.25,9.63,9.29,31.82,37.82,2,1,13.59,366.78,77.26,27,2.15,HIGH
DP-2380,41.39,45.11,17.2,4.77,26.61,47.64,3,1,9.29,180.47,80.5,19,3.41,HIGH
DP-2381,62.21,60.31,0.43,0.43,65.01,64.7,2,0,3.28,101.28,75.66,34,4.67,LOW
DP-2382,91.91,81.81,1.57,1.89,98.29,97.05,1,0,3.65,199.58,88.71,35,4.77,LOW
DP-2383,65.99,59.65,0.0,0.21,71.05,71.08,2,0,0.0,126.47,95.49,12,4.58,LOW
DP-2384,82.87,82.6,0.0,4.08,81.09,81.4,5,0,10.98,252.82,78.07,43,6.01,LOW
DP-2385,38.56,42.65,11.96,2.57,37.04,28.62,2,1,14.83,223.06,80.34,17,3.99,MEDIUM
DP-2386,78.49,92.19,3.71,11.07,95.56,88.43,1,0,1.64,205.73,76.12,25,6.4,LOW
DP-2387,64.4,74.74,3.58,10.0,64.64,67.75,0,0,8.7,143.5,89.49,10,5.5,LOW
DP-2388,53.82,71.77,3.18,4.5,48.78,52.18,6,2,12.21,151.29,93.2,41,4.65,MEDIUM
DP-2389,81.11,84.26,0.0,4.52,94.37,55.48,4,2,8.18,239.98,78.27,14,6.01,LOW
DP-2390,78.87,95.76,6.02,2.63,89.32,97.16,1,0,8.56,298.47,84.85,18,6.26,LOW
DP-2391,76.45,68.63,0.0,7.45,74.14,76.53,6,0,6.01,159.28,89.46,34,4.89,LOW
DP-2392,50.38,34.38,0.0,5.26,54.11,65.52,3,1,20.27,267.13,90.31,24,2.97,MEDIUM
DP-2393,77.7,92.93,0.0,2.19,80.44,76.65,2,1,6.28,161.64,92.7,14,6.91,LOW
DP-2394,64.0,50.41,7.51,3.81,97.5,51.74,9,4,5.82,135.97,87.03,17,4.49,HIGH
DP-2395,39.15,39.84,1.47,0.0,30.29,54.21,4,0,13.49,113.99,87.32,81,4.05,MEDIUM
DP-2396,72.77,68.03,10.8,7.74,68.78,52.29,5,0,12.54,342.28,85.52,21,4.69,LOW
DP-2397,33.49,32.17,0.0,14.05,28.23,18.25,7,1,5.71,247.3,74.71,26,3.04,HIGH
DP-2398,65.33,62.37,2.27,6.77,50.37,51.46,4,0,8.07,224.12,85.31,22,5.57,MEDIUM
DP-2399,38.55,56.42,0.16,4.28,23.32,68.14,4,1,8.29,222.63,86.66,21,4.7,MEDIUM
DP-2400,37.43,46.15,9.26,3.38,43.98,0.71,4,2,12.17,80.0,74.21,47,2.58,HIGH
DP-2401,30.36,40.41,4.51,14.6,8.32,20.99,5,0,12.24,377.35,88.43,9,3.31,MEDIUM
DP-2402,48.82,37.36,9.12,14.13,44.74,63.88,1,0,6.25,125.37,72.98,68,3.7,LOW
DP-2403,79.73,96.89,0.0,11.13,57.06,58.38,0,0,15.8,227.85,89.72,29,7.96,LOW
DP-2404,31.32,43.52,7.89,7.55,17.4,58.56,1,0,10.4,334.36,81.79,15,2.79,MEDIUM
DP-2405,52.59,52.48,8.6,6.03,32.77,54.64,2,1,11.37,215.52,76.49,42,4.59,MEDIUM
DP-2406,83.28,85.15,5.21,0.0,72.95,72.22,3,0,11.4,154.34,94.64,34,5.82,LOW
DP-2407,42.39,29.35,1.65,6.44,47.09,37.24,3,0,18.69,146.02,78.1,39,3.32,MEDIUM
DP-2408,71.37,73.36,0.0,0.0,49.26,66.99,4,0,10.06,234.42,86.89,20,7.19,LOW
DP-2409,65.17,61.33,9.27,0.88,55.67,39.14,5,1,7.4,148.85,78.87,14,5.01,MEDIUM
DP-2410,55.84,53.67,0.0,8.9,38.02,60.18,4,1,7.99,212.52,96.43,20,4.72,MEDIUM
DP-2411,83.36,88.7,0.0,5.02,100.0,95.69,2,0,1.6,158.89,87.5,12,6.15,LOW
DP-2412,49.98,27.52,4.34,9.69,64.26,60.66,4,0,0.0,252.41,72.17,21,2.23,MEDIUM
DP-2413,33.13,37.8,10.67,10.9,66.92,42.93,6,1,12.4,146.43,88.28,25,3.0,MEDIUM
DP-2414,45.62,39.3,0.0,11.13,61.97,43.6,1,1,6.15,173.69,80.96,24,3.71,MEDIUM
DP-2415,48.26,44.08,7.95,2.07,40.64,33.36,6,3,16.42,164.81,75.81,35,3.52,HIGH
DP-2416,66.21,60.78,0.0,8.61,82.7,76.4,4,0,3.38,219.64,86.9,65,3.13,LOW
DP-2417,61.52,78.07,3.28,10.81,49.48,81.34,4,0,10.23,230.59,76.52,12,5.92,LOW
DP-2418,57.27,50.67,4.4,3.93,44.99,52.93,3,0,10.21,164.54,91.71,20,4.45,MEDIUM
DP-2419,71.09,58.18,0.0,3.31,70.87,82.72,3,0,11.48,246.54,82.38,37,4.6,LOW
DP-2420,75.02,75.35,3.71,0.0,70.45,77.47,1,0,12.19,153.33,84.28,17,5.6,LOW
DP-2421,72.21,80.8,0.0,4.24,90.25,86.84,2,0,0.0,237.37,89.44,20,6.66,LOW
DP-2422,64.39,59.87,0.0,0.78,74.39,65.01,4,0,3.03,80.0,84.56,61,5.59,LOW
DP-2423,21.33,17.63,8.88,18.04,46.05,13.89,4,0,16.82,194.0,71.68,29,2.28,HIGH
DP-2424,30.09,34.82,6.17,4.62,28.3,23.05,9,2,13.35,192.83,80.57,27,3.14,HIGH
DP-2425,51.48,50.72,6.38,0.0,38.46,52.95,3,1,7.37,226.29,78.77,20,3.53,MEDIUM
DP-2426,65.99,70.21,0.0,12.45,64.94,87.65,3,0,13.96,183.22,79.14,29,5.12,LOW
DP-2427,39.89,43.68,0.0,7.15,45.04,55.37,6,0,8.45,208.72,73.05,30,3.44,MEDIUM
DP-2428,87.69,79.86,0.0,0.0,71.69,54.13,2,0,0.54,259.36,85.02,51,6.09,LOW
DP-2429,66.07,71.12,11.52,15.52,65.09,47.72,7,0,13.84,160.96,77.46,20,5.23,LOW
DP-2430,17.74,5.0,1.98,15.59,35.39,16.9,6,1,9.7,156.49,86.57,15,1.79,HIGH
DP-2431,44.33,42.54,12.14,1.51,24.13,55.24,3,0,11.77,113.74,87.87,45,3.61,LOW
DP-2432,50.58,35.83,1.72,0.66,43.01,52.89,4,0,7.46,190.72,97.38,22,3.62,LOW
DP-2433,33.59,37.47,12.33,9.61,31.39,35.65,9,1,16.68,298.26,87.03,65,2.8,HIGH
DP-2434,52.54,41.71,1.44,6.61,52.29,58.05,3,0,0.0,333.73,81.1,47,2.77,MEDIUM
DP-2435,23.6,19.11,0.68,8.19,21.91,18.31,2,0,9.98,196.06,86.47,22,3.55,LOW
DP-2436,77.41,93.35,9.16,10.97,73.95,81.66,1,0,4.56,183.61,82.26,26,6.58,LOW
DP-2437,18.81,18.98,1.61,0.2,18.42,24.94,3,1,12.5,255.78,80.4,22,3.6,MEDIUM
DP-2438,81.45,99.42,7.04,11.05,76.63,100.0,4,0,10.23,158.16,85.99,16,7.08,LOW
DP-2439,74.8,75.35,0.69,0.0,68.68,79.87,5,1,3.39,180.22,66.94,60,5.01,LOW
DP-2440,69.44,81.46,0.0,5.63,81.07,63.67,4,0,11.33,218.56,92.69,8,4.99,LOW
DP-2441,61.23,60.23,0.0,3.19,92.68,64.7,4,0,13.48,229.07,92.57,48,3.23,LOW
DP-2442,63.93,72.47,0.0,0.0,60.91,40.07,6,0,8.04,274.22,72.32,15,4.92,LOW
DP-2443,35.06,54.39,4.79,4.17,16.4,35.07,6,1,15.59,104.54,82.47,47,4.73,MEDIUM
DP-2444,50.67,52.25,0.0,5.28,48.21,71.39,7,0,7.99,262.62,79.28,82,4.79,MEDIUM
DP-2445,73.35,80.1,0.0,0.0,58.58,62.4,2,0,4.02,146.61,75.64,68,5.99,LOW
DP-2446,73.0,77.98,6.72,10.47,78.62,95.22,2,0,6.62,116.39,82.47,53,4.36,LOW
DP-2447,76.19,74.7,0.94,0.0,67.56,68.4,4,1,7.32,233.81,91.37,17,5.77,LOW
DP-2448,19.38,24.62,1.88,6.08,44.23,12.86,6,3,11.35,162.2,91.34,69,2.13,HIGH
DP-2449,76.79,79.23,0.0,6.89,92.55,56.45,5,0,13.43,344.11,93.35,45,5.91,LOW
DP-2450,56.69,47.08,1.25,0.0,40.96,54.95,5,0,8.45,297.7,79.34,31,4.07,MEDIUM
DP-2451,56.77,60.29,2.12,11.3,80.89,85.88,2,0,12.83,102.5,77.09,52,4.12,LOW
DP-2452,81.86,76.69,1.39,1.81,74.45,63.73,3,1,3.19,194.64,88.79,61,5.72,LOW
DP-2453,33.5,38.7,17.6,15.05,21.05,18.43,8,1,17.01,267.5,59.87,29,2.33,HIGH
DP-2454,50.59,44.88,8.12,0.0,55.25,42.31,8,0,12.11,255.35,72.7,57,3.87,MEDIUM
DP-2455,56.66,62.76,8.3,2.12,64.74,57.72,5,0,6.42,212.53,80.96,18,5.2,MEDIUM
DP-2456,28.64,34.97,3.09,12.83,22.32,16.75,2,1,5.73,103.06,82.76,15,3.44,MEDIUM
DP-2457,29.3,38.15,0.91,0.39,19.69,0.0,4,1,16.22,305.77,78.4,16,4.43,HIGH
DP-2458,77.73,69.33,0.0,2.59,80.07,85.38,3,0,7.9,106.45,78.32,14,4.49,LOW
DP-2459,59.9,65.7,0.0,18.1,66.11,56.46,1,0,7.29,226.91,81.85,28,5.25,LOW
DP-2460,45.49,33.44,0.0,7.09,48.04,75.68,5,1,10.34,230.06,81.11,28,3.0,LOW
DP-2461,61.79,65.98,0.0,0.0,75.71,84.84,2,0,15.89,195.12,88.24,36,6.16,LOW
DP-2462,98.0,91.7,3.52,3.08,100.0,100.0,1,0,6.18,194.72,78.84,68,7.45,LOW
DP-2463,22.39,22.93,10.3,12.83,42.68,12.5,6,1,8.51,207.02,79.03,47,2.15,HIGH
DP-2464,75.72,62.23,0.0,4.45,76.79,87.45,5,0,4.32,235.25,81.0,52,5.8,LOW
DP-2465,15.29,15.81,17.79,1.5,7.37,9.53,9,1,24.73,249.52,74.04,8,1.25,HIGH
DP-2466,20.98,5.0,8.14,9.88,5.0,17.66,7,2,12.29,87.66,73.81,7,1.44,HIGH
DP-2467,63.36,74.05,5.31,7.16,58.23,60.16,10,0,9.89,186.2,76.39,38,4.9,MEDIUM
DP-2468,91.67,94.01,0.14,0.0,100.0,84.26,2,0,4.61,96.12,91.94,37,6.58,LOW
DP-2469,31.94,29.46,0.65,18.7,55.42,67.87,5,1,7.0,93.56,90.96,28,3.07,MEDIUM
DP-2470,62.63,67.24,3.41,3.87,80.59,25.63,8,0,12.78,263.3,79.56,23,5.48,LOW
DP-2471,53.74,40.58,0.0,5.36,64.2,69.96,8,0,4.79,228.89,81.42,16,3.31,MEDIUM
DP-2472,44.74,34.54,15.1,5.99,44.99,55.33,2,1,22.31,266.91,85.85,12,1.81,HIGH
DP-2473,76.94,64.92,10.53,1.2,86.56,58.66,3,0,6.76,231.95,73.48,12,5.25,MEDIUM
DP-2474,33.02,20.1,5.93,3.31,47.18,65.82,8,0,7.91,219.98,81.94,64,3.56,MEDIUM
DP-2475,60.17,50.19,1.07,0.0,40.16,81.52,4,0,5.59,173.91,90.59,39,4.59,LOW
DP-2476,50.02,52.15,8.71,5.58,69.98,25.79,6,1,1.21,215.37,87.37,51,2.65,MEDIUM
DP-2477,51.82,43.74,12.24,15.23,74.36,45.76,8,1,14.47,198.13,78.93,25,3.27,MEDIUM
DP-2478,47.47,39.95,17.1,3.03,58.35,47.69,7,1,20.46,80.0,79.64,62,3.71,MEDIUM
DP-2479,46.83,52.17,4.98,4.45,39.02,49.13,3,1,10.15,105.87,84.67,41,3.9,MEDIUM
DP-2480,57.58,64.33,7.09,4.7,47.06,57.94,3,1,11.28,338.92,70.88,29,4.59,MEDIUM
DP-2481,51.56,36.88,0.0,0.9,40.32,52.93,5,1,0.46,129.99,91.14,62,3.83,MEDIUM
DP-2482,74.65,51.71,2.77,13.2,99.39,96.94,5,0,15.7,80.0,82.23,18,4.6,LOW
DP-2483,39.65,29.99,3.0,3.08,50.33,39.87,8,2,14.94,328.61,76.71,42,3.89,HIGH
DP-2484,64.76,43.83,0.24,6.73,79.03,58.19,3,1,9.37,194.29,78.44,29,4.31,LOW
DP-2485,55.09,61.98,14.59,3.44,53.67,60.68,2,0,5.33,144.83,79.79,23,4.3,LOW
DP-2486,83.94,68.83,0.0,0.0,100.0,95.81,2,0,7.18,84.23,82.49,47,5.58,LOW
DP-2487,44.1,50.23,9.57,0.0,27.04,47.49,3,1,6.65,250.37,87.97,34,4.81,MEDIUM
DP-2488,52.69,68.96,3.86,0.0,57.31,66.85,2,0,3.8,110.52,83.09,20,4.7,LOW
DP-2489,85.27,77.01,5.64,2.66,79.22,100.0,3,0,7.4,173.44,89.64,57,5.5,LOW
DP-2490,74.31,68.48,0.0,12.93,75.1,86.79,5,0,11.11,242.64,81.83,32,5.26,LOW
DP-2491,46.15,49.23,0.42,8.31,47.6,47.46,6,2,7.88,186.0,88.72,19,4.81,HIGH
DP-2492,46.35,71.43,3.2,4.75,50.95,37.65,3,0,12.57,213.2,97.32,29,4.95,LOW
DP-2493,87.51,74.8,3.84,0.0,80.92,100.0,0,0,0.0,143.33,91.36,37,4.79,LOW
DP-2494,86.03,81.67,3.03,10.04,90.73,72.19,1,0,7.55,203.18,77.04,18,5.58,LOW
DP-2495,56.98,65.99,2.21,0.0,71.58,81.04,4,0,9.79,236.9,86.77,23,5.7,LOW
DP-2496,86.01,75.21,0.0,4.26,81.64,88.8,2,0,0.0,144.88,87.56,27,6.89,LOW
DP-2497,33.38,40.84,0.0,13.24,49.22,41.03,4,0,14.12,315.27,95.75,20,5.12,MEDIUM
DP-2498,48.24,40.59,15.82,0.0,41.17,51.98,6,3,13.47,238.88,70.22,18,3.21,HIGH
DP-2499,93.33,100.0,0.11,0.0,94.21,82.1,6,0,1.96,178.95,99.18,62,7.29,LOW
DP-2500,43.43,51.44,8.7,16.17,23.07,42.42,5,0,11.37,116.98,77.38,21,3.25,HIGH
DP-2501,71.2,93.0,3.15,5.79,84.68,86.42,2,1,1.8,107.22,82.97,22,7.04,LOW
DP-2502,85.52,69.47,0.0,0.0,70.82,99.78,4,0,0.0,238.1,81.13,18,4.78,LOW
DP-2503,48.85,48.38,5.32,6.26,71.36,75.55,5,1,2.55,180.66,75.88,61,4.05,MEDIUM
DP-2504,25.25,38.86,14.99,13.36,50.96,26.43,3,1,14.06,270.36,82.75,4,2.47,HIGH
DP-2505,54.21,79.8,9.56,0.0,78.81,43.05,0,0,1.6,135.75,86.13,24,5.85,LOW
DP-2506,64.2,72.76,8.08,0.0,72.45,50.98,4,1,12.02,106.06,69.53,17,5.79,MEDIUM
DP-2507,57.86,70.23,0.0,8.69,61.65,61.77,2,0,7.69,201.73,88.14,12,6.8,LOW
DP-2508,35.54,19.64,10.68,13.44,28.41,61.22,4,1,14.88,190.96,81.73,24,1.43,HIGH
DP-2509,48.81,44.89,0.16,12.84,67.76,39.81,5,1,9.82,83.5,95.16,24,2.96,MEDIUM
DP-2510,62.31,61.5,9.46,0.0,43.67,68.31,5,0,3.23,216.08,81.87,16,4.47,MEDIUM
DP-2511,64.36,55.29,7.19,0.25,67.88,81.28,4,0,0.0,241.92,88.7,35,3.68,LOW
DP-2512,66.11,56.14,1.97,4.58,78.26,76.62,3,0,2.47,362.01,81.07,42,4.44,LOW
DP-2513,92.48,96.83,0.0,0.83,93.45,72.91,1,0,0.0,244.13,80.48,26,6.16,LOW
DP-2514,39.33,25.58,0.0,5.44,45.59,28.32,3,0,15.53,195.37,77.1,25,3.5,MEDIUM
DP-2515,77.93,59.77,4.79,0.0,86.69,71.54,3,1,12.23,187.69,74.23,25,3.4,LOW
DP-2516,45.32,37.1,1.8,6.48,62.49,56.5,4,0,11.95,225.41,76.51,15,4.21,LOW
DP-2517,47.87,40.74,10.04,0.0,63.56,37.85,7,3,17.08,237.14,82.4,58,4.4,HIGH
DP-2518,53.22,35.71,4.67,0.0,54.38,41.96,2,0,17.2,278.38,88.73,77,2.99,MEDIUM
DP-2519,30.37,36.29,6.21,3.58,21.41,39.71,5,0,8.69,152.52,85.35,24,3.6,MEDIUM
DP-2520,8.35,15.08,11.56,16.44,5.0,7.86,3,1,9.08,207.21,85.62,35,1.41,HIGH
DP-2521,60.66,76.79,0.41,0.85,39.9,59.55,3,1,8.95,191.14,94.15,49,5.77,MEDIUM
DP-2522,28.12,42.25,2.58,16.43,16.89,11.73,3,2,12.53,253.96,74.15,31,3.68,HIGH
DP-2523,59.05,35.66,5.15,2.19,67.51,53.02,6,0,6.19,296.04,82.34,26,3.54,MEDIUM
DP-2524,73.62,88.31,0.0,7.61,67.08,67.19,4,1,2.34,307.45,74.5,12,6.58,LOW
DP-2525,52.2,66.7,13.9,6.78,49.74,40.07,2,0,21.09,227.62,76.36,36,4.53,LOW
DP-2526,72.08,61.34,0.0,0.25,78.01,89.45,2,1,12.24,201.79,73.97,12,5.11,LOW
DP-2527,51.19,35.65,8.04,0.91,41.55,48.85,5,1,9.76,208.73,78.4,12,3.6,MEDIUM
DP-2528,85.59,88.14,0.0,0.0,91.26,97.75,2,0,1.75,195.35,83.17,55,6.36,LOW
DP-2529,94.13,100.0,0.0,0.82,84.04,100.0,1,1,13.46,196.45,84.32,47,6.61,LOW
DP-2530,61.8,62.95,8.6,6.0,65.12,47.19,6,0,16.62,196.16,84.59,58,4.57,LOW
DP-2531,75.68,72.59,8.86,12.08,92.36,70.91,4,1,7.22,189.22,90.8,25,4.42,MEDIUM
DP-2532,24.64,20.31,14.56,17.57,16.09,32.69,3,0,11.72,344.59,81.29,17,1.32,HIGH
DP-2533,51.86,63.11,10.91,0.0,58.62,51.73,8,0,9.27,265.64,86.16,75,4.72,MEDIUM
DP-2534,78.77,81.86,4.69,15.24,62.22,100.0,2,0,9.64,184.5,90.18,20,5.97,LOW
DP-2535,56.8,60.58,3.57,18.23,59.59,67.8,3,0,13.51,154.57,100.0,21,4.86,LOW
DP-2536,73.75,87.24,6.61,0.63,59.61,71.39,5,0,19.22,264.78,89.83,35,5.73,MEDIUM
DP-2537,43.03,56.07,8.15,7.24,57.38,70.86,5,3,11.02,272.53,83.06,31,3.95,HIGH
DP-2538,45.33,21.25,0.66,8.65,36.12,54.37,4,1,4.92,136.77,79.05,11,2.72,HIGH
DP-2539,76.25,85.84,7.19,8.94,70.17,76.64,1,0,8.95,280.79,83.89,19,5.81,LOW
DP-2540,49.91,61.29,0.0,8.49,43.86,77.16,4,0,11.48,80.0,87.1,10,5.14,MEDIUM
DP-2541,24.56,22.88,3.85,13.46,34.61,28.99,4,1,13.87,104.12,83.15,62,1.56,HIGH
DP-2542,28.62,39.71,7.53,10.21,32.61,32.1,6,1,12.25,200.39,76.45,82,3.26,HIGH
DP-2543,82.76,77.46,1.13,0.0,89.65,67.07,4,1,3.5,111.31,80.13,18,6.13,LOW
DP-2544,30.75,48.77,1.99,13.63,53.1,31.74,7,1,2.75,222.79,73.51,19,3.38,MEDIUM
DP-2545,35.21,38.91,0.21,0.93,45.25,9.11,8,1,8.55,257.28,80.13,13,3.32,HIGH
DP-2546,41.8,39.19,7.28,0.0,41.79,48.28,8,2,3.55,233.43,81.06,33,2.44,HIGH
DP-2547,79.56,66.67,0.0,0.0,75.46,76.97,1,0,0.0,149.14,88.49,36,4.27,LOW
DP-2548,64.57,68.08,1.71,2.05,56.05,63.35,6,0,8.77,240.09,88.41,43,6.22,MEDIUM
DP-2549,35.09,25.49,9.73,17.17,32.1,47.35,8,1,7.05,265.03,72.34,24,3.07,HIGH
DP-2550,34.8,38.89,1.33,6.5,68.87,40.1,2,1,5.73,159.24,99.79,54,3.7,LOW
DP-2551,41.45,38.44,0.0,4.21,27.87,27.09,5,0,2.29,248.73,78.99,12,3.78,MEDIUM
DP-2552,64.72,60.19,5.81,11.23,75.77,81.15,3,0,14.56,233.33,80.2,39,3.9,MEDIUM
DP-2553,62.63,72.19,3.7,0.0,89.38,49.23,2,0,13.09,177.14,74.82,42,4.69,LOW
DP-2554,60.13,51.48,0.27,1.08,53.63,60.58,6,1,4.28,210.79,95.02,43,5.6,LOW
DP-2555,54.7,85.31,14.65,6.07,46.37,47.23,5,0,9.25,127.62,88.97,31,6.3,LOW
DP-2556,40.95,38.37,0.0,4.55,63.58,48.21,3,0,5.89,233.87,92.37,13,3.9,LOW
DP-2557,39.23,48.26,0.0,18.43,32.63,38.23,2,0,8.92,282.53,83.94,54,3.61,MEDIUM
DP-2558,72.23,79.55,4.47,14.13,66.24,80.69,3,0,8.16,168.53,71.47,47,6.51,LOW
DP-2559,50.55,78.43,0.37,8.26,66.98,51.18,3,0,4.46,117.08,83.15,20,6.67,LOW
DP-2560,40.16,40.23,5.31,5.34,25.66,18.96,2,0,21.3,183.06,75.62,21,2.9,LOW
DP-2561,56.11,74.61,5.82,8.26,60.86,55.33,0,0,0.0,177.23,70.78,16,4.66,MEDIUM
DP-2562,77.39,72.14,0.0,3.74,86.45,55.1,2,0,7.09,163.7,88.01,46,5.35,LOW
DP-2563,54.11,65.23,2.42,4.41,41.38,45.36,3,0,2.72,163.66,84.93,35,5.23,LOW
DP-2564,32.88,7.06,6.75,0.0,34.71,52.61,4,0,17.05,196.12,86.18,41,1.55,MEDIUM
DP-2565,33.11,29.57,4.47,3.4,39.27,35.87,3,1,12.5,268.27,91.96,20,2.76,MEDIUM
DP-2566,76.72,70.87,0.0,0.0,63.92,69.16,3,0,7.93,244.68,88.43,14,5.16,LOW
DP-2567,43.28,46.69,0.47,14.43,40.77,23.41,2,0,16.92,273.73,81.92,36,4.07,MEDIUM
DP-2568,23.19,30.61,3.95,13.08,14.32,62.2,6,2,0.09,253.35,93.37,18,1.88,HIGH
DP-2569,35.62,29.58,0.0,15.3,52.43,29.94,7,1,7.28,280.97,73.74,23,3.18,HIGH
DP-2570,88.86,79.96,5.94,0.0,93.45,85.11,4,0,5.0,211.73,86.76,26,5.66,LOW
DP-2571,34.59,26.16,0.27,0.0,53.19,27.89,4,1,11.29,213.07,87.81,21,2.94,HIGH
DP-2572,39.69,17.46,0.0,6.67,43.42,40.13,6,2,11.34,212.78,83.6,44,2.13,HIGH
DP-2573,29.05,31.0,4.34,4.74,17.78,13.86,7,1,11.76,313.9,81.3,25,2.52,HIGH
DP-2574,52.43,42.0,0.0,0.0,68.62,58.91,4,0,15.81,196.32,92.47,12,3.07,LOW
DP-2575,34.74,50.78,11.59,0.13,27.35,25.08,7,1,14.25,173.81,74.5,24,3.18,HIGH
DP-2576,58.38,60.89,0.16,10.44,56.75,56.96,4,0,7.35,100.94,86.74,18,4.68,LOW
DP-2577,36.5,44.14,13.94,7.84,24.26,41.55,3,1,13.8,213.94,84.24,20,2.67,HIGH
DP-2578,49.98,56.59,9.03,1.14,53.96,79.8,3,1,0.0,225.33,89.88,24,4.16,LOW
DP-2579,54.96,54.98,7.39,15.75,52.41,49.5,4,1,13.64,142.67,74.85,12,4.04,MEDIUM
DP-2580,57.61,81.67,2.68,4.87,51.29,49.3,6,2,15.54,179.75,78.53,48,4.85,MEDIUM
DP-2581,60.07,52.3,10.39,14.91,59.19,51.71,6,0,21.46,334.85,72.92,16,3.49,HIGH
DP-2582,43.45,48.13,12.03,10.56,31.85,60.72,3,0,4.34,229.58,88.13,46,3.3,LOW
DP-2583,80.01,80.25,0.0,6.64,75.1,100.0,1,0,5.38,229.67,79.64,39,4.42,LOW
DP-2584,29.65,38.66,2.67,6.54,28.81,20.0,4,1,18.14,187.58,84.16,19,2.71,HIGH
DP-2585,97.31,100.0,0.0,0.0,82.73,85.62,3,0,1.29,80.0,86.62,14,7.14,LOW
DP-2586,75.25,83.79,5.11,15.79,76.53,50.16,3,0,4.33,202.08,84.49,47,7.03,LOW
DP-2587,28.36,28.91,0.0,1.06,30.39,28.15,4,0,14.36,177.84,90.22,8,2.83,MEDIUM
DP-2588,82.73,89.36,0.0,0.0,83.4,75.43,3,0,13.37,169.24,74.18,45,5.82,LOW
DP-2589,54.07,50.29,0.0,0.0,73.72,60.08,0,0,8.09,233.27,97.91,44,4.74,LOW
DP-2590,66.99,69.96,5.2,0.0,36.41,67.7,6,1,10.91,131.28,88.98,27,5.12,MEDIUM
DP-2591,65.08,49.46,7.64,3.54,64.43,71.74,5,0,7.12,196.23,84.51,22,3.96,LOW
DP-2592,72.69,54.0,0.0,4.99,89.72,90.57,5,1,2.45,110.23,75.06,27,4.89,LOW
DP-2593,44.75,52.31,5.22,0.0,25.29,31.96,1,0,8.85,124.17,83.76,41,3.67,LOW
DP-2594,57.8,66.83,2.02,9.37,63.82,63.83,2,1,6.83,168.29,88.01,91,4.24,MEDIUM
DP-2595,65.88,71.48,9.4,9.9,67.83,55.37,2,0,16.16,179.99,89.05,60,5.36,LOW
DP-2596,58.66,48.06,0.0,0.0,56.28,64.55,4,0,6.4,205.66,87.19,27,3.16,LOW
DP-2597,90.23,80.3,0.0,0.0,74.15,73.97,6,0,5.84,175.25,75.19,33,4.47,LOW
DP-2598,56.84,63.49,0.99,11.5,60.31,94.92,3,1,8.92,148.91,81.78,24,4.06,MEDIUM
DP-2599,71.14,97.37,0.0,2.09,83.69,89.32,0,0,4.69,270.19,94.64,52,7.26,LOW
DP-2600,31.76,30.66,1.75,6.1,34.95,29.78,7,4,7.88,254.54,78.49,26,4.59,HIGH
DP-2601,61.75,68.74,5.22,0.0,89.44,65.44,3,0,1.12,226.34,80.52,4,5.59,LOW
DP-2602,38.0,25.91,5.8,18.31,41.55,43.85,3,0,11.9,259.61,74.7,54,2.84,MEDIUM
DP-2603,67.3,69.9,12.58,7.08,73.56,83.92,4,0,23.81,318.56,84.76,15,5.43,MEDIUM
DP-2604,18.53,7.08,5.0,4.7,23.85,9.04,5,0,13.86,252.48,72.7,23,2.0,HIGH
DP-2605,50.16,44.15,8.35,9.27,58.81,52.53,5,0,6.78,307.81,80.32,25,3.98,MEDIUM
DP-2606,46.92,40.24,2.63,6.16,80.78,61.83,8,0,5.02,200.97,82.28,42,3.28,MEDIUM
DP-2607,64.98,74.26,1.69,0.0,75.47,63.6,4,0,5.79,171.52,100.0,8,5.5,LOW
DP-2608,71.1,68.55,6.96,9.6,60.64,45.95,2,0,13.92,274.63,76.97,15,5.48,MEDIUM
DP-2609,48.02,41.76,6.73,4.34,30.07,29.99,2,0,2.43,285.07,82.19,3,4.8,MEDIUM
DP-2610,57.41,68.04,9.64,8.36,51.55,53.32,5,2,11.0,226.73,75.2,15,4.52,HIGH
DP-2611,93.94,86.86,1.34,0.0,100.0,100.0,2,0,2.98,241.84,90.84,13,5.4,LOW
DP-2612,43.76,60.36,15.54,24.39,17.14,19.37,4,0,2.37,256.54,81.68,44,4.02,MEDIUM
DP-2613,35.1,25.67,4.64,5.0,21.01,34.68,5,4,11.38,193.7,74.21,26,2.9,HIGH
DP-2614,35.59,43.37,6.65,0.27,43.01,45.42,5,0,21.29,173.12,92.54,47,3.37,MEDIUM
DP-2615,79.63,89.31,0.0,3.32,55.78,56.69,8,0,7.56,114.34,80.06,30,6.17,LOW
DP-2616,44.12,42.57,5.7,7.1,36.21,52.79,3,1,17.95,211.31,87.96,16,3.88,HIGH
DP-2617,75.53,75.94,5.25,0.0,88.75,71.18,2,0,8.58,159.44,76.74,50,5.79,LOW
DP-2618,74.64,76.86,1.48,1.67,73.99,77.95,7,0,1.98,172.33,87.16,10,5.77,LOW
DP-2619,89.17,99.99,0.0,2.04,89.39,100.0,1,0,8.99,209.04,79.21,22,6.86,LOW
DP-2620,39.33,49.55,3.93,7.32,30.95,20.17,9,1,3.43,268.14,77.76,32,4.24,HIGH
DP-2621,65.87,71.92,2.94,10.06,76.14,80.52,8,1,2.89,207.34,76.99,32,4.66,LOW
DP-2622,55.68,60.79,1.49,13.3,50.09,51.29,3,0,11.03,294.73,72.5,14,4.89,LOW
DP-2623,25.62,20.93,14.06,10.78,22.86,25.64,8,3,9.53,133.38,75.85,39,1.87,HIGH
DP-2624,58.1,80.09,1.21,0.0,67.57,74.37,3,0,15.09,368.41,89.13,26,5.44,LOW
DP-2625,46.98,41.49,4.11,8.48,42.41,44.68,8,3,7.92,292.29,74.21,19,2.86,HIGH
DP-2626,67.11,51.74,5.06,0.0,68.51,69.15,1,0,2.39,226.98,95.39,27,3.42,LOW
DP-2627,12.53,5.0,2.84,13.69,13.53,8.28,10,2,9.88,149.75,83.14,37,1.11,HIGH
DP-2628,55.41,62.92,1.51,4.34,60.49,62.03,3,0,13.97,259.76,81.35,28,4.48,LOW
DP-2629,62.95,66.47,5.26,6.88,77.53,63.54,6,0,0.72,153.78,91.39,26,4.55,LOW
DP-2630,43.01,46.65,0.0,6.73,14.22,72.29,3,0,8.41,100.75,87.3,44,3.68,MEDIUM
DP-2631,58.34,65.57,0.0,5.16,57.73,61.58,5,0,14.34,118.54,84.98,61,4.77,LOW
DP-2632,68.7,59.51,12.55,5.18,54.96,81.46,4,0,5.69,174.85,94.36,12,3.82,MEDIUM
DP-2633,71.32,76.53,3.49,0.0,68.12,59.58,4,0,12.43,282.21,88.18,36,4.29,LOW
DP-2634,76.31,71.92,0.0,10.35,82.72,74.28,2,0,3.69,217.67,76.73,9,5.13,LOW
DP-2635,91.38,85.74,0.0,3.0,62.11,100.0,2,0,0.0,225.96,94.23,32,6.53,LOW
DP-2636,93.4,100.0,6.64,6.46,96.71,75.95,4,1,1.22,96.63,85.19,45,7.02,LOW
DP-2637,91.17,81.48,0.0,3.68,73.28,93.9,4,0,2.99,243.4,92.21,27,4.77,LOW
DP-2638,67.41,67.31,10.41,0.0,54.03,66.54,0,0,6.38,278.92,77.78,14,4.79,LOW
DP-2639,44.13,73.79,1.3,2.65,24.83,37.35,2,1,11.41,195.72,80.89,40,6.37,MEDIUM
DP-2640,73.4,63.79,0.0,0.0,60.47,76.6,4,0,8.97,252.18,86.06,18,3.75,LOW
DP-2641,78.87,71.17,0.0,0.0,49.05,87.07,5,1,16.87,243.67,78.01,48,4.99,MEDIUM
DP-2642,83.3,92.15,0.0,8.09,82.22,96.62,3,0,3.32,214.74,90.71,50,7.43,LOW
DP-2643,39.92,47.11,11.84,12.74,58.65,56.28,4,0,12.5,175.34,78.64,18,2.98,HIGH
DP-2644,44.92,32.84,10.63,0.0,53.83,63.86,1,0,6.94,150.46,88.73,56,2.69,LOW
DP-2645,52.06,29.22,14.74,2.97,24.75,68.82,2,1,7.17,144.97,75.45,56,1.55,HIGH
DP-2646,51.0,49.98,5.3,0.0,48.34,58.16,6,0,13.42,153.63,79.46,34,3.94,MEDIUM
DP-2647,69.54,73.07,0.0,0.0,54.0,60.23,1,0,10.77,345.41,100.0,16,5.9,LOW
DP-2648,82.16,61.55,6.15,0.73,85.45,71.03,2,0,8.76,121.74,78.38,27,5.29,LOW
DP-2649,37.9,38.11,5.95,0.0,52.6,28.48,3,1,7.52,190.22,85.11,30,3.44,MEDIUM
DP-2650,49.7,56.75,7.73,8.83,31.85,57.66,3,0,10.63,230.21,72.7,30,3.87,MEDIUM
DP-2651,59.69,76.02,0.0,3.75,26.47,54.47,5,1,5.83,208.13,91.2,40,5.84,LOW
DP-2652,51.09,63.07,0.0,0.0,17.88,53.07,6,2,9.83,229.01,82.24,59,5.62,HIGH
DP-2653,79.23,68.2,0.0,0.0,71.69,64.37,4,0,10.84,142.23,68.79,15,3.96,LOW
DP-2654,31.36,39.82,8.12,9.48,27.78,16.27,2,0,12.43,219.98,91.74,44,3.93,LOW
DP-2655,43.6,52.7,12.41,12.33,66.13,49.89,1,0,11.05,226.53,79.73,26,3.57,MEDIUM
DP-2656,19.44,13.51,6.27,0.0,5.0,0.0,8,1,11.79,261.52,72.95,8,1.9,HIGH
DP-2657,62.0,56.91,4.21,0.0,68.99,47.21,1,0,5.13,291.45,85.16,5,4.44,MEDIUM
DP-2658,19.43,15.2,0.0,0.0,41.19,29.47,4,0,7.85,139.09,83.37,16,1.9,MEDIUM
DP-2659,27.82,29.48,9.9,5.35,17.6,38.54,2,0,12.52,106.2,84.23,24,2.9,HIGH
DP-2660,34.44,42.48,0.32,7.07,35.87,38.11,1,0,3.98,289.97,81.01,30,4.74,LOW
DP-2661,82.44,76.82,0.0,0.0,87.51,87.54,1,0,4.98,80.0,99.71,45,4.65,LOW
DP-2662,59.8,58.0,0.0,2.21,44.93,79.93,1,0,22.45,190.43,86.97,5,4.35,LOW
DP-2663,40.99,45.12,5.18,1.24,49.3,47.58,7,3,23.97,155.22,81.37,50,2.75,HIGH
DP-2664,82.6,89.41,0.0,15.67,99.18,63.84,1,0,0.0,195.83,86.74,44,6.7,LOW
DP-2665,61.44,44.76,0.0,6.02,54.02,50.38,3,0,1.63,186.02,89.78,16,4.01,LOW
DP-2666,50.46,31.16,1.42,7.73,51.66,50.54,2,0,12.68,183.48,91.67,33,3.22,MEDIUM
DP-2667,38.69,48.79,7.61,6.41,33.54,40.53,3,2,22.5,203.9,74.04,39,3.27,HIGH
DP-2668,8.31,14.54,2.98,1.9,12.74,20.44,6,1,10.5,260.73,88.34,14,2.47,HIGH
DP-2669,72.01,73.41,0.0,0.0,63.2,62.38,2,0,10.14,198.21,80.44,5,5.32,LOW
DP-2670,21.04,19.13,6.26,4.1,27.95,26.05,5,1,11.1,243.91,78.86,62,1.71,HIGH
DP-2671,66.7,55.92,13.1,8.99,55.74,64.51,3,0,4.52,209.7,75.85,52,4.43,LOW
DP-2672,24.96,11.99,16.29,7.32,38.74,36.01,6,0,14.62,227.98,88.18,51,2.89,HIGH
DP-2673,90.54,88.82,3.58,6.66,89.03,94.39,1,0,8.36,177.09,80.92,48,5.81,LOW
DP-2674,37.03,36.9,12.53,7.57,15.44,31.27,4,1,18.24,254.31,87.08,31,4.0,MEDIUM
DP-2675,45.96,48.37,8.15,0.0,51.28,30.39,10,2,15.61,204.86,76.23,29,3.75,HIGH
DP-2676,57.03,57.71,10.65,0.0,52.41,76.38,4,1,14.08,150.77,77.17,37,4.43,MEDIUM
DP-2677,48.7,63.64,2.55,6.89,56.57,87.53,3,1,9.87,90.18,82.29,34,5.65,MEDIUM
DP-2678,18.54,5.0,8.41,5.42,49.61,21.99,7,0,16.49,273.09,83.59,22,2.37,HIGH
DP-2679,74.14,77.83,5.12,0.27,53.34,68.57,5,2,9.68,256.98,84.09,12,5.85,HIGH
DP-2680,72.6,83.81,0.0,3.74,100.0,67.86,5,0,8.83,211.91,87.81,20,5.4,LOW
DP-2681,82.97,69.72,4.25,0.97,100.0,92.17,0,0,11.44,220.03,85.42,36,5.16,LOW
DP-2682,59.8,54.21,7.82,2.38,40.94,77.73,8,1,3.05,150.79,83.7,19,3.91,MEDIUM
DP-2683,38.98,38.48,2.46,13.87,51.39,37.01,6,0,15.72,192.06,75.72,22,3.11,HIGH
DP-2684,68.54,62.03,0.0,5.2,60.02,75.5,4,0,1.71,222.71,95.43,26,2.81,LOW
DP-2685,37.6,58.08,1.19,4.21,27.81,31.31,4,0,19.15,171.87,74.08,50,5.11,LOW
DP-2686,23.4,12.19,2.61,7.61,5.0,19.09,6,0,14.13,121.18,83.19,40,1.99,HIGH
DP-2687,54.47,49.97,6.45,0.0,29.55,73.45,3,2,21.11,289.61,70.42,44,4.17,HIGH
DP-2688,45.1,47.29,14.05,13.98,70.6,36.33,5,0,19.98,320.98,77.53,56,3.21,MEDIUM
DP-2689,76.13,92.43,0.0,0.0,99.67,93.53,3,0,24.96,145.69,86.84,14,6.24,LOW
DP-2690,62.18,73.67,11.12,10.31,44.88,77.63,4,1,11.43,236.48,86.02,11,4.0,MEDIUM
DP-2691,64.54,54.44,4.32,0.0,79.78,42.32,2,0,4.96,212.34,86.02,32,3.26,LOW
DP-2692,67.28,66.52,4.83,12.3,57.96,80.78,1,0,12.76,234.36,96.12,27,3.77,LOW
DP-2693,57.26,44.0,3.31,0.0,57.09,74.53,5,1,13.04,249.51,86.08,17,4.25,MEDIUM
DP-2694,68.15,81.76,6.69,10.92,71.69,40.84,4,1,10.69,250.83,91.69,14,5.9,LOW
DP-2695,82.68,88.42,0.0,5.84,93.13,80.09,0,0,4.32,80.0,91.86,28,5.99,LOW
DP-2696,28.62,32.1,15.33,12.57,20.18,8.16,8,1,15.65,170.75,90.38,21,1.79,HIGH
DP-2697,52.75,52.6,11.5,6.96,55.43,56.11,2,2,9.93,217.96,77.08,15,3.26,MEDIUM
DP-2698,14.29,20.14,16.18,6.18,24.23,17.11,8,1,25.38,285.22,70.56,31,0.84,HIGH
DP-2699,23.87,17.71,9.77,14.48,49.74,34.92,5,0,14.39,284.7,85.79,69,1.83,HIGH
DP-2700,79.61,81.69,0.41,5.71,95.13,93.1,6,0,0.66,342.12,75.46,20,7.59,LOW
DP-2701,38.87,39.28,11.87,0.0,48.26,0.0,8,1,18.04,196.24,79.69,8,2.2,HIGH
DP-2702,66.51,52.37,4.6,2.47,72.64,55.14,1,1,0.0,138.22,81.16,28,4.64,LOW
DP-2703,30.27,40.35,4.08,0.0,6.41,17.13,6,0,9.61,127.63,91.49,22,3.05,MEDIUM
DP-2704,52.84,53.0,8.84,0.0,56.28,58.35,5,0,18.4,271.73,91.29,19,4.59,LOW
DP-2705,54.7,52.26,0.0,10.76,38.63,52.64,4,0,10.42,279.47,80.96,14,4.65,MEDIUM
DP-2706,48.88,36.01,6.58,6.78,42.84,44.57,8,1,11.82,233.81,87.38,29,2.86,HIGH
DP-2707,55.64,49.68,1.01,9.5,54.1,51.4,1,0,11.35,191.58,90.06,21,3.79,MEDIUM
DP-2708,50.52,36.6,0.0,2.01,88.98,50.21,1,0,21.07,248.22,81.09,21,2.38,LOW
DP-2709,13.41,28.45,6.28,12.98,12.07,15.9,9,1,5.49,233.62,79.07,28,2.38,HIGH
DP-2710,62.42,87.12,3.6,3.77,56.18,70.12,4,1,6.87,93.27,87.8,15,5.98,LOW
DP-2711,25.74,11.62,8.69,4.34,5.0,28.51,4,1,15.85,167.01,80.73,29,1.34,HIGH
DP-2712,65.58,73.38,0.0,5.27,37.62,69.59,7,1,11.74,305.6,89.78,65,5.85,MEDIUM
DP-2713,92.61,96.71,5.11,5.27,86.73,100.0,2,0,0.0,288.12,87.72,26,4.94,LOW
DP-2714,16.14,5.0,0.0,4.6,5.0,12.42,9,1,10.54,216.11,91.29,21,1.4,HIGH
DP-2715,67.74,63.75,2.46,0.0,57.21,68.67,2,0,4.48,143.38,83.76,46,4.28,LOW
DP-2716,59.17,59.19,0.0,6.96,62.73,57.5,2,1,9.45,137.33,81.54,38,3.82,MEDIUM
DP-2717,33.99,22.43,2.24,0.0,17.13,26.1,5,2,16.36,178.35,85.81,40,3.1,HIGH
DP-2718,80.79,83.42,0.0,5.38,90.49,88.38,2,0,9.64,167.35,86.24,26,5.55,LOW
DP-2719,52.53,34.75,14.59,8.31,58.33,39.67,4,0,5.94,296.54,90.83,12,2.91,MEDIUM
DP-2720,33.38,23.55,8.1,13.9,15.68,32.97,5,0,14.85,202.24,77.23,52,2.25,HIGH
DP-2721,72.05,81.46,0.0,8.02,89.09,63.47,3,0,4.81,107.87,89.19,25,6.76,LOW
DP-2722,39.56,25.79,9.7,0.0,45.77,22.17,4,1,8.6,84.26,86.57,85,2.71,HIGH
DP-2723,91.98,91.63,6.92,0.99,100.0,90.36,5,0,0.0,155.15,83.39,12,6.01,LOW
DP-2724,70.1,66.23,0.0,22.22,63.23,52.69,3,0,21.19,324.08,78.55,34,6.37,MEDIUM
DP-2725,69.3,49.32,0.0,11.08,75.78,65.28,2,1,11.45,111.68,72.18,51,4.01,LOW
DP-2726,60.3,81.53,0.91,7.92,66.15,54.85,3,0,2.96,177.94,87.66,26,4.83,LOW
DP-2727,76.27,65.84,9.9,0.0,72.69,69.48,4,0,21.82,205.52,75.96,31,6.0,MEDIUM
DP-2728,66.28,65.86,2.97,6.08,75.19,89.78,4,0,5.01,115.94,78.33,9,4.25,LOW
DP-2729,56.64,50.36,0.0,8.48,46.94,52.22,3,2,0.0,103.03,85.43,27,4.35,MEDIUM
DP-2730,60.66,43.76,0.0,11.29,56.92,69.64,6,0,6.58,242.24,82.99,29,3.06,MEDIUM
DP-2731,88.79,70.76,3.41,0.0,100.0,63.77,4,0,7.83,160.42,87.22,18,4.43,LOW
DP-2732,65.28,69.23,16.58,2.99,50.8,61.01,6,0,15.32,284.3,87.71,33,6.19,MEDIUM
DP-2733,70.57,60.17,0.0,0.0,46.65,54.61,5,0,9.3,204.74,100.0,6,5.22,MEDIUM
DP-2734,25.08,18.31,2.36,3.95,35.51,31.36,5,2,13.48,236.84,91.31,34,4.02,HIGH
DP-2735,50.84,46.85,0.0,2.83,60.59,60.59,4,0,17.11,164.12,76.96,32,4.97,MEDIUM
DP-2736,80.34,81.62,14.2,9.54,96.63,67.82,3,0,15.16,139.22,85.95,11,5.8,LOW
DP-2737,16.51,16.21,12.04,4.71,36.1,1.01,3,0,17.92,152.6,80.38,20,1.58,HIGH
DP-2738,89.17,71.92,0.0,4.99,80.25,89.45,2,0,2.06,186.9,91.5,56,6.07,LOW
DP-2739,46.43,65.13,6.92,10.54,23.57,63.35,6,2,10.22,128.36,92.86,43,5.52,MEDIUM
DP-2740,25.28,17.56,4.74,0.66,31.98,20.95,11,4,7.89,281.0,86.53,31,2.17,HIGH
DP-2741,46.38,40.22,2.64,5.33,41.95,64.32,6,2,8.36,241.53,89.07,16,3.65,MEDIUM
DP-2742,40.15,25.74,16.32,8.77,34.0,47.65,0,0,15.08,174.37,76.92,35,1.43,HIGH
DP-2743,68.27,47.61,7.9,6.26,70.91,89.96,1,0,11.1,242.53,84.48,43,3.09,MEDIUM
DP-2744,43.45,40.1,2.48,4.16,51.7,61.17,7,0,8.14,310.16,80.55,38,3.35,MEDIUM
DP-2745,60.35,71.11,0.0,0.0,64.35,36.59,7,1,6.22,207.0,83.88,28,4.9,LOW
DP-2746,69.09,65.48,0.0,6.68,57.01,68.25,1,0,3.97,249.37,78.93,55,5.23,LOW
DP-2747,58.17,94.11,8.07,2.3,55.31,80.43,5,0,14.55,167.55,88.23,51,5.37,MEDIUM
DP-2748,79.23,85.5,0.0,0.46,70.97,82.3,2,0,0.0,99.46,95.36,13,5.94,LOW
DP-2749,18.99,33.44,2.8,2.36,35.18,24.76,7,3,8.07,208.91,86.24,21,2.74,HIGH
DP-2750,83.26,98.96,4.9,12.31,55.92,86.48,0,0,12.27,116.42,99.52,67,6.86,LOW
DP-2751,76.67,77.01,11.37,9.65,66.37,66.43,6,0,7.54,194.54,76.79,71,5.7,LOW
DP-2752,54.25,61.69,10.19,5.85,53.0,51.74,5,0,1.76,213.77,87.34,23,3.73,MEDIUM
DP-2753,31.59,23.65,8.89,14.88,27.02,43.78,6,1,20.73,209.17,79.67,45,2.53,HIGH
DP-2754,41.03,27.53,3.2,20.36,59.48,24.24,4,1,14.77,272.05,70.06,33,1.55,HIGH
DP-2755,94.46,73.53,0.0,0.35,87.43,100.0,0,0,10.19,97.51,80.88,61,5.12,LOW
DP-2756,51.2,42.1,11.21,6.3,36.5,38.97,4,1,15.66,172.3,79.33,20,3.68,HIGH
DP-2757,50.57,57.16,0.0,14.52,74.04,55.8,3,0,7.67,227.92,88.98,24,4.4,LOW
DP-2758,56.6,33.89,3.76,5.09,61.02,27.24,1,0,9.9,125.16,77.32,25,2.85,LOW
DP-2759,43.32,34.37,0.0,10.08,48.3,35.23,2,0,14.29,219.36,97.45,7,3.49,MEDIUM
DP-2760,29.7,34.11,3.6,6.74,46.71,21.4,4,0,16.53,346.89,80.19,33,3.23,HIGH
DP-2761,54.74,57.44,5.73,9.07,44.84,47.35,7,1,12.25,196.64,82.43,23,3.76,HIGH
DP-2762,62.07,55.29,3.85,1.46,49.58,73.7,3,0,15.39,190.85,100.0,22,4.21,LOW
DP-2763,29.4,10.95,11.34,3.37,44.72,10.04,4,1,7.74,207.76,84.92,9,1.89,HIGH
DP-2764,63.42,56.31,8.31,9.52,49.27,43.58,2,0,5.75,100.75,82.58,7,4.33,LOW
DP-2765,29.72,35.77,4.98,4.87,5.0,29.5,8,1,15.79,187.79,83.32,15,3.79,HIGH
DP-2766,39.19,37.51,14.94,6.25,38.5,32.07,5,1,5.61,155.05,71.23,38,2.37,HIGH
DP-2767,47.9,62.67,10.29,9.09,37.23,28.2,12,0,6.74,164.95,77.06,13,3.89,HIGH
DP-2768,67.24,72.37,11.2,1.03,50.17,77.1,1,0,1.62,290.98,79.91,49,4.01,LOW
DP-2769,64.18,59.04,0.0,3.49,80.04,56.49,6,1,3.31,227.64,86.88,46,4.77,LOW
DP-2770,58.68,59.97,1.36,6.68,56.66,49.21,4,0,7.59,228.59,93.99,18,5.38,LOW
DP-2771,28.88,24.38,8.96,8.61,28.3,32.29,4,1,13.18,201.9,77.9,19,3.32,HIGH
DP-2772,66.07,60.61,0.0,8.43,63.97,54.06,5,1,4.91,189.3,83.34,11,5.28,MEDIUM
DP-2773,59.86,56.48,1.87,8.55,49.95,41.48,2,0,11.03,268.74,76.75,15,5.61,LOW
DP-2774,73.66,78.86,2.3,12.3,59.91,72.2,2,0,11.58,119.67,81.7,42,5.75,LOW
DP-2775,87.91,88.08,1.61,14.21,76.33,95.65,4,0,9.11,199.87,78.72,43,5.75,LOW
DP-2776,87.09,87.35,0.0,4.17,91.69,69.23,2,0,0.13,179.31,94.02,13,6.25,LOW
DP-2777,41.79,51.76,3.21,14.97,58.71,47.75,7,1,8.55,138.69,74.43,12,3.59,MEDIUM
DP-2778,90.07,95.82,1.89,0.0,100.0,81.17,2,0,16.99,80.0,76.08,25,6.41,LOW
DP-2779,76.19,71.39,0.0,3.04,67.04,55.06,5,1,8.05,302.69,80.75,40,5.02,LOW
DP-2780,43.44,56.74,9.5,15.17,45.11,51.17,5,1,7.92,80.0,74.44,12,3.49,MEDIUM
DP-2781,44.35,55.82,11.35,9.28,40.22,63.65,4,0,13.23,135.44,92.46,34,5.07,MEDIUM
DP-2782,56.87,52.5,0.0,6.93,35.49,58.69,1,0,2.66,213.28,84.52,54,3.39,LOW
DP-2783,62.96,76.01,0.0,0.11,46.03,49.09,5,0,8.03,157.81,76.98,14,5.76,MEDIUM
DP-2784,53.44,61.35,9.46,2.19,62.88,34.04,3,0,3.74,241.94,73.86,37,6.38,LOW
DP-2785,81.43,95.85,0.0,3.88,93.13,100.0,3,0,11.71,163.19,91.22,15,7.26,LOW
DP-2786,59.92,66.48,0.0,0.78,52.6,57.72,3,0,5.01,207.83,83.88,22,5.52,LOW
DP-2787,74.6,89.09,0.27,4.04,85.53,77.53,3,1,1.86,136.06,81.64,21,7.4,LOW
DP-2788,43.92,57.92,0.0,1.79,43.72,56.01,5,1,5.11,134.27,80.96,21,4.07,MEDIUM
DP-2789,77.95,73.97,8.57,4.6,87.79,74.33,4,0,7.04,218.24,78.24,28,5.93,LOW
DP-2790,77.38,59.87,4.68,0.0,56.61,63.37,3,0,7.74,250.72,85.78,14,4.67,LOW
DP-2791,75.49,69.56,1.87,3.75,82.97,89.02,2,0,2.67,206.97,95.21,14,6.28,LOW
DP-2792,31.2,35.17,8.68,4.56,17.86,20.92,2,0,5.12,87.23,67.34,6,3.76,MEDIUM
DP-2793,50.47,44.29,3.61,13.27,27.82,64.42,4,1,11.56,193.95,85.55,44,2.71,MEDIUM
DP-2794,70.03,47.75,0.0,6.11,47.22,59.12,1,0,8.96,315.37,91.27,6,2.29,MEDIUM
DP-2795,58.98,46.68,4.95,8.1,59.52,48.69,5,0,3.72,198.69,99.07,37,3.7,MEDIUM
DP-2796,56.91,63.46,2.19,13.85,56.18,28.49,2,0,1.75,185.08,73.77,37,5.2,LOW
DP-2797,41.42,47.4,5.94,7.98,37.02,34.4,5,0,13.8,219.11,72.41,8,3.71,HIGH
DP-2798,68.68,48.03,7.03,0.0,57.68,63.38,5,0,8.08,80.0,82.6,51,4.05,MEDIUM
DP-2799,78.2,70.83,0.0,7.53,69.96,66.37,6,0,0.0,221.31,81.56,37,5.92,LOW
DP-2800,68.05,72.93,1.82,0.0,89.19,33.74,5,0,10.49,230.41,91.46,26,4.55,LOW
DP-2801,73.15,71.73,5.51,3.19,77.99,87.59,4,0,13.39,136.75,81.07,42,5.96,LOW
DP-2802,84.96,80.53,0.0,0.0,81.35,93.99,3,0,5.39,223.04,76.17,55,6.85,LOW
DP-2803,42.56,52.7,1.26,6.39,30.75,57.05,4,0,5.61,145.87,89.63,43,4.58,MEDIUM
DP-2804,17.24,20.93,4.74,14.49,17.96,24.62,9,1,8.57,254.87,70.64,21,2.37,HIGH
DP-2805,56.71,64.64,4.9,0.0,55.13,26.21,2,0,12.17,169.57,86.9,42,4.56,LOW
DP-2806,56.89,58.66,8.5,0.72,68.42,53.97,10,0,11.92,147.26,92.65,30,5.13,MEDIUM
DP-2807,60.47,78.36,4.17,0.0,61.76,50.3,4,0,0.0,165.3,75.54,24,4.62,LOW
DP-2808,42.01,44.93,5.12,13.02,25.07,35.29,3,2,4.97,113.11,76.92,91,3.33,HIGH
DP-2809,70.36,72.74,0.0,5.52,56.82,52.73,3,0,10.86,219.3,78.6,20,5.03,LOW
DP-2810,70.19,50.5,7.62,2.76,83.37,60.79,3,0,5.24,150.49,89.59,40,4.09,LOW
DP-2811,40.15,33.4,10.28,16.82,43.26,48.87,4,1,17.42,184.35,69.63,33,2.6,HIGH
DP-2812,77.15,77.77,0.0,8.88,100.0,80.17,1,0,5.96,227.13,83.0,5,5.31,LOW
DP-2813,77.73,59.44,0.0,10.64,84.02,83.65,2,0,12.02,218.64,98.48,115,5.64,LOW
DP-2814,46.5,49.48,0.0,11.62,29.55,75.97,2,1,7.67,175.73,77.68,35,3.48,MEDIUM
DP-2815,91.77,85.23,0.0,0.0,81.64,96.72,2,0,5.2,200.71,77.7,12,5.94,LOW
DP-2816,36.98,39.74,5.24,10.45,46.71,28.35,4,0,0.0,167.22,91.15,54,3.1,MEDIUM
DP-2817,69.55,77.72,2.6,7.83,73.78,79.51,5,1,0.0,80.0,87.65,19,5.97,MEDIUM
DP-2818,35.0,47.24,15.54,8.6,24.92,45.39,8,0,11.83,187.24,91.47,31,2.63,MEDIUM
DP-2819,55.59,58.34,0.05,10.21,64.98,69.77,1,1,12.38,201.59,79.65,6,5.61,MEDIUM
DP-2820,88.02,78.37,5.8,0.0,90.25,98.19,6,0,5.56,198.7,85.94,35,4.58,LOW
DP-2821,85.35,87.43,5.77,6.12,84.33,66.03,0,0,10.99,156.33,76.58,20,6.17,LOW
DP-2822,54.75,61.44,1.03,4.14,65.77,74.69,2,0,17.35,186.6,89.37,41,5.1,LOW
DP-2823,56.79,56.7,0.0,5.68,63.32,60.62,2,0,12.06,286.02,87.03,14,6.36,LOW
DP-2824,48.47,45.95,5.41,5.26,56.57,52.6,4,1,14.84,85.28,77.71,60,3.15,MEDIUM
DP-2825,57.43,36.99,0.0,4.4,55.67,61.91,2,0,14.68,229.15,93.67,40,4.12,LOW
DP-2826,32.81,33.77,9.24,9.25,23.58,47.11,6,1,13.7,121.13,90.72,9,2.51,HIGH
DP-2827,40.28,45.99,0.0,6.73,46.71,40.41,7,2,10.24,105.33,80.93,62,3.32,HIGH
DP-2828,74.07,85.91,0.0,1.67,86.5,58.07,4,1,9.39,192.41,90.4,42,5.34,LOW
DP-2829,63.3,67.22,5.52,4.22,64.82,54.54,5,0,25.29,174.96,82.0,39,3.92,LOW
DP-2830,72.03,59.25,0.0,0.0,95.71,82.0,1,0,8.33,80.0,78.79,24,5.68,LOW
DP-2831,48.75,36.12,4.66,19.43,25.97,37.36,3,2,13.12,213.97,78.05,26,3.03,HIGH
DP-2832,51.0,45.25,6.07,14.03,71.43,42.67,4,0,16.42,266.53,89.39,28,4.09,MEDIUM
DP-2833,70.39,85.26,1.86,3.29,70.61,62.71,2,0,15.16,198.6,87.43,30,6.94,LOW
DP-2834,45.81,66.06,6.32,2.43,41.98,71.29,5,0,13.01,204.71,100.0,57,4.53,LOW
DP-2835,90.64,100.0,0.0,3.51,100.0,100.0,1,0,1.65,231.24,77.8,40,6.61,LOW
DP-2836,74.79,60.06,1.26,18.05,61.27,67.25,4,0,14.48,207.96,94.01,58,4.75,LOW
DP-2837,58.94,58.25,3.62,0.0,47.9,67.84,3,3,4.25,249.54,78.11,41,4.51,HIGH
DP-2838,44.22,10.81,11.62,3.84,43.74,26.02,4,0,13.67,193.55,80.36,33,2.45,MEDIUM
DP-2839,40.87,48.77,12.44,13.15,31.52,20.01,5,1,11.89,279.74,90.14,19,2.95,HIGH
DP-2840,80.79,87.3,0.0,3.54,100.0,79.87,7,0,6.99,302.59,71.08,20,6.83,LOW
DP-2841,73.14,75.78,0.0,6.34,76.5,81.79,4,1,4.42,151.12,86.04,58,6.95,MEDIUM
DP-2842,32.76,32.41,11.3,13.98,30.6,50.18,6,1,16.72,290.89,84.64,55,2.72,HIGH
DP-2843,22.38,36.81,4.18,7.11,46.58,17.94,5,0,19.35,231.77,90.29,100,2.78,HIGH
DP-2844,80.13,78.71,0.0,7.0,100.0,84.71,2,0,5.62,105.59,73.4,40,6.96,LOW
DP-2845,73.5,71.17,0.62,1.34,68.17,88.06,1,0,19.44,211.0,90.28,48,6.23,LOW
DP-2846,78.49,76.68,0.0,1.58,96.37,68.53,2,0,6.54,180.7,99.05,7,6.11,LOW
DP-2847,25.84,28.46,0.0,14.06,37.2,15.19,8,1,9.49,104.82,78.69,40,4.44,HIGH
DP-2848,60.64,50.13,0.0,9.57,56.36,25.35,5,1,8.88,88.19,83.04,21,3.74,HIGH
DP-2849,72.56,74.32,0.0,0.0,53.22,76.51,2,1,9.28,135.91,76.91,34,5.46,MEDIUM
DP-2850,43.87,45.1,7.79,5.72,57.85,64.15,7,0,20.52,202.43,89.71,12,3.23,MEDIUM
DP-2851,88.69,100.0,0.0,1.71,92.04,100.0,2,0,0.0,95.32,88.31,22,7.21,LOW
DP-2852,23.02,13.61,2.74,11.38,45.2,8.3,9,1,10.43,112.98,69.34,28,2.05,HIGH
DP-2853,50.51,45.83,2.51,0.0,85.66,61.67,6,0,24.61,196.55,68.7,11,3.13,MEDIUM
DP-2854,78.74,84.0,0.0,0.0,100.0,71.02,3,0,6.61,259.28,82.26,28,5.47,LOW
DP-2855,68.41,71.75,3.06,0.0,74.35,68.92,3,0,8.9,156.39,70.62,35,5.52,LOW
DP-2856,31.54,24.22,12.8,7.11,27.18,37.97,7,1,11.07,305.95,91.66,11,2.34,HIGH
DP-2857,86.54,86.36,2.71,3.37,81.74,92.16,2,0,0.0,301.97,91.19,13,6.86,LOW
DP-2858,61.13,53.53,3.94,6.76,83.46,81.28,5,0,5.36,283.47,83.02,16,4.29,LOW
DP-2859,48.84,37.88,0.0,0.0,53.75,42.62,2,0,11.66,265.06,95.71,14,2.4,MEDIUM
DP-2860,85.4,90.28,0.0,1.18,77.54,54.2,2,0,8.17,241.78,86.66,40,6.69,LOW
DP-2861,57.66,65.42,7.72,1.36,64.57,63.72,4,1,2.37,197.51,84.77,45,4.17,MEDIUM
DP-2862,45.13,39.14,1.57,10.39,70.11,47.94,4,2,11.51,140.77,72.83,32,3.4,HIGH
DP-2863,37.29,38.13,0.0,0.0,26.43,46.4,8,1,8.28,169.15,82.05,8,3.59,HIGH
DP-2864,39.85,45.42,4.0,24.26,15.46,36.88,4,0,5.3,205.54,81.56,14,2.37,HIGH
DP-2865,34.11,22.08,6.15,11.22,34.35,26.92,5,0,5.11,149.28,77.27,9,2.76,MEDIUM
DP-2866,60.09,64.64,0.0,0.0,63.93,71.03,1,0,12.42,169.23,79.18,26,6.37,LOW
DP-2867,66.22,57.4,10.4,8.96,66.88,74.33,2,0,7.99,167.35,80.12,33,3.63,LOW
DP-2868,67.96,53.63,15.04,0.0,94.41,48.06,8,1,2.17,193.32,77.79,55,3.74,MEDIUM
DP-2869,17.15,16.78,3.86,7.24,21.92,19.95,3,0,22.71,176.11,88.01,40,1.6,MEDIUM
DP-2870,72.66,63.74,3.5,0.0,63.95,74.16,2,0,6.92,184.56,76.61,5,4.62,LOW
DP-2871,72.33,78.34,2.17,0.57,74.94,66.43,2,0,7.48,268.59,87.28,29,5.98,LOW
DP-2872,87.4,96.79,0.0,2.57,100.0,92.55,1,0,7.68,118.98,80.68,23,7.72,LOW
DP-2873,61.88,49.18,0.0,0.0,68.72,51.06,7,0,4.58,96.25,81.69,5,2.97,MEDIUM
DP-2874,81.44,81.49,0.0,0.0,62.29,73.24,6,0,0.0,80.0,100.0,28,5.29,LOW
DP-2875,77.06,73.89,0.43,7.25,72.0,58.02,5,0,0.0,81.12,96.84,39,6.14,LOW
DP-2876,32.2,31.94,0.0,11.4,21.23,42.79,8,0,6.8,203.97,79.66,26,2.94,MEDIUM
DP-2877,58.27,61.12,0.0,11.78,52.09,64.7,3,0,6.26,232.54,88.27,42,5.17,LOW
DP-2878,49.14,42.84,0.0,0.49,49.48,40.8,4,1,17.12,240.55,88.88,42,3.66,MEDIUM
DP-2879,58.8,73.94,0.0,1.99,35.55,75.08,2,0,0.0,266.77,78.67,26,6.72,LOW
DP-2880,11.77,7.22,8.86,18.54,13.31,0.0,7,2,7.57,80.0,87.57,14,1.11,HIGH
DP-2881,79.18,74.26,0.0,7.45,90.6,41.43,4,0,3.7,120.53,98.61,17,6.88,LOW
DP-2882,53.18,61.26,0.0,3.06,46.76,57.02,2,0,14.16,189.5,88.25,33,4.79,LOW
DP-2883,69.28,68.05,6.28,3.37,78.5,74.29,0,0,5.74,273.78,88.1,30,3.05,LOW
DP-2884,51.25,58.0,11.9,5.8,40.97,35.79,7,0,12.02,279.5,85.78,34,4.66,HIGH
DP-2885,31.92,28.5,3.76,0.0,47.1,29.42,7,3,12.16,216.71,76.29,26,2.37,HIGH
DP-2886,46.28,51.63,15.74,4.53,68.75,37.03,4,0,12.21,139.89,83.93,65,4.16,MEDIUM
DP-2887,46.58,43.3,7.2,5.95,43.31,25.23,4,0,19.0,312.23,85.11,38,2.76,HIGH
DP-2888,81.91,100.0,0.0,2.01,85.73,64.81,5,0,12.08,326.18,73.46,16,7.09,LOW
DP-2889,39.75,41.53,15.09,14.43,50.17,12.24,1,0,17.61,227.72,79.27,37,3.13,MEDIUM
DP-2890,69.43,51.89,0.0,4.01,86.1,100.0,3,0,6.22,148.64,81.01,29,5.19,LOW
DP-2891,44.5,53.04,16.6,16.23,31.87,39.73,8,0,14.53,176.21,74.07,6,4.08,HIGH
DP-2892,51.88,43.57,5.32,6.56,38.08,57.86,6,2,11.96,154.17,84.24,34,3.01,MEDIUM
DP-2893,64.68,77.13,3.52,0.0,43.26,100.0,4,0,7.56,221.46,97.95,48,6.78,LOW
DP-2894,52.47,44.88,0.0,2.0,27.89,49.73,4,0,3.23,138.28,92.88,30,4.15,LOW
DP-2895,55.8,53.72,1.81,9.1,77.81,35.08,3,1,2.92,204.39,81.61,25,4.99,LOW
DP-2896,79.82,69.51,3.45,0.0,100.0,93.78,1,0,15.21,304.54,83.39,5,4.75,MEDIUM
DP-2897,41.1,29.96,7.93,0.11,61.75,42.42,2,0,11.83,225.92,85.43,73,2.92,LOW
DP-2898,68.23,75.95,8.77,4.74,60.52,62.17,2,0,0.0,165.17,73.27,18,5.65,MEDIUM
DP-2899,80.76,75.53,0.58,6.92,100.0,77.11,2,0,11.4,272.63,88.91,27,5.97,LOW
DP-2900,73.97,87.37,0.0,7.17,100.0,70.31,0,0,0.0,239.32,94.16,7,6.19,LOW
DP-2901,56.27,46.42,0.0,9.79,60.28,42.94,5,0,9.69,172.36,90.69,28,4.55,MEDIUM
DP-2902,56.71,54.17,10.7,8.76,52.69,45.79,4,0,21.65,333.98,86.71,22,3.76,LOW
DP-2903,68.43,71.34,0.0,0.0,61.76,75.73,1,0,6.7,219.6,91.12,25,5.22,LOW
DP-2904,55.43,48.99,6.78,7.41,60.5,42.15,5,0,7.7,179.56,90.68,56,3.31,MEDIUM
DP-2905,65.71,76.71,16.49,0.0,33.47,55.22,2,0,7.44,195.0,70.94,17,4.95,HIGH
DP-2906,95.3,98.0,3.48,1.15,90.22,94.79,3,0,11.23,283.62,81.22,21,7.01,LOW
DP-2907,70.71,58.7,5.96,6.31,63.53,65.96,1,0,9.7,217.43,89.71,59,4.76,LOW
DP-2908,68.09,80.07,0.0,5.19,60.24,78.34,2,0,5.89,139.96,79.21,19,6.32,LOW
DP-2909,44.84,30.5,1.21,11.9,49.04,66.08,7,0,4.5,304.21,82.24,33,0.87,MEDIUM
DP-2910,34.58,34.09,0.0,7.78,50.28,19.39,1,0,11.51,174.9,87.87,11,3.76,LOW
DP-2911,50.25,55.8,3.02,10.96,60.68,58.54,6,0,5.11,286.63,86.76,18,4.74,MEDIUM
DP-2912,22.87,44.89,7.22,5.27,44.37,32.76,5,2,3.32,215.87,76.38,34,3.91,HIGH
DP-2913,77.39,67.98,0.72,3.59,77.64,60.09,6,0,0.73,243.6,83.45,64,5.37,LOW
DP-2914,62.73,49.94,0.45,7.1,66.15,62.04,6,1,5.72,220.39,93.91,22,5.06,MEDIUM
DP-2915,85.11,97.07,2.4,0.0,100.0,94.77,2,0,11.87,326.34,75.57,14,6.93,LOW
DP-2916,85.78,92.04,0.0,5.39,57.32,79.67,2,0,3.75,212.0,88.63,24,7.22,LOW
DP-2917,71.44,100.0,0.0,7.76,84.82,34.47,6,0,7.12,196.59,96.83,19,7.16,LOW
DP-2918,46.04,30.12,0.0,8.49,61.31,64.03,0,0,8.1,153.49,82.83,16,2.91,LOW
DP-2919,68.82,76.63,0.92,2.48,62.07,67.77,8,2,14.93,254.4,85.96,12,5.13,MEDIUM
DP-2920,42.97,36.49,7.06,11.21,44.8,58.76,5,1,16.95,244.21,83.41,31,3.42,HIGH
DP-2921,82.26,89.51,4.15,0.0,89.1,82.28,5,0,12.52,143.09,88.2,24,6.75,LOW
DP-2922,71.55,57.51,9.96,1.7,80.69,60.18,2,0,7.06,293.73,84.65,9,5.07,MEDIUM
DP-2923,89.89,93.61,0.0,4.51,77.86,59.45,3,0,5.54,111.48,80.76,36,7.31,LOW
DP-2924,52.54,49.37,2.57,14.19,41.39,44.66,5,1,19.11,204.91,77.98,15,3.09,HIGH
DP-2925,68.04,68.75,0.0,1.45,48.89,84.59,1,0,2.09,201.74,94.52,25,6.77,LOW
DP-2926,62.4,78.84,1.19,3.82,58.69,52.83,3,0,5.62,130.95,91.65,19,5.79,LOW
DP-2927,37.31,49.07,0.0,5.44,20.24,30.21,4,0,12.02,91.58,92.0,29,5.47,MEDIUM
DP-2928,62.6,70.67,9.46,2.53,78.42,58.34,2,1,15.91,148.76,75.2,17,6.02,MEDIUM
DP-2929,84.34,92.23,0.0,5.64,83.58,72.08,4,0,3.63,170.34,81.05,19,5.74,LOW
DP-2930,65.31,76.27,6.19,0.73,75.68,51.84,2,0,14.93,197.79,84.04,11,5.52,LOW
DP-2931,67.27,79.94,7.09,0.85,57.83,97.67,2,0,7.42,211.87,89.54,44,5.17,LOW
DP-2932,52.62,50.11,3.63,14.41,63.07,31.07,4,0,15.58,174.92,91.47,31,4.4,MEDIUM
DP-2933,84.13,81.1,4.12,4.23,75.82,96.75,3,0,11.82,216.51,91.57,26,6.19,LOW
DP-2934,41.49,46.3,11.93,13.98,60.89,52.91,4,1,10.56,237.33,70.78,30,3.24,MEDIUM
DP-2935,58.35,72.04,14.15,10.07,51.17,72.27,0,0,12.25,165.57,83.53,32,4.84,LOW
DP-2936,34.27,46.39,0.0,12.19,29.37,49.68,4,1,7.61,253.07,68.76,26,4.31,MEDIUM
DP-2937,53.27,58.45,0.0,14.39,71.97,44.1,4,1,8.48,140.12,86.41,31,4.2,LOW
DP-2938,65.98,46.55,0.0,0.0,74.89,64.16,2,0,1.44,148.51,97.82,20,5.37,LOW
DP-2939,43.89,44.33,0.0,5.78,28.04,36.24,1,1,5.42,170.07,91.5,13,4.97,MEDIUM
DP-2940,70.52,71.23,4.73,0.0,60.96,83.23,9,2,6.76,176.92,68.62,38,5.52,HIGH
DP-2941,78.64,67.55,6.83,12.91,70.07,78.8,2,0,15.36,153.01,82.07,31,3.77,LOW
DP-2942,38.23,51.16,3.98,2.53,48.45,27.67,2,0,12.92,189.17,79.64,48,3.68,MEDIUM
DP-2943,56.44,61.33,7.6,7.24,80.38,56.29,2,0,9.25,120.09,90.89,37,3.76,LOW
DP-2944,72.51,77.33,3.66,7.32,72.42,66.54,2,0,10.93,254.73,76.24,59,6.05,LOW
DP-2945,70.93,65.3,10.63,1.07,59.98,82.18,4,1,14.0,199.08,68.97,20,4.45,LOW
DP-2946,76.94,90.04,9.72,0.99,89.77,76.25,1,0,10.62,178.39,95.19,11,6.75,LOW
DP-2947,52.84,57.38,2.61,2.14,66.89,49.78,4,1,15.06,187.23,66.42,15,4.54,MEDIUM
DP-2948,56.77,46.2,13.82,8.73,64.41,44.76,3,0,12.61,167.09,80.32,87,3.36,LOW
DP-2949,76.59,83.34,3.33,11.87,47.07,94.06,0,0,1.96,111.14,81.08,15,6.76,LOW
DP-2950,71.37,68.82,10.67,0.0,46.28,81.01,3,0,11.89,179.48,81.53,10,4.85,LOW
DP-2951,32.45,27.97,13.37,5.28,34.77,44.99,5,1,13.55,80.0,85.52,9,2.34,HIGH
DP-2952,57.11,67.27,0.0,6.36,68.7,54.44,1,0,8.05,252.49,86.87,60,5.42,LOW
DP-2953,13.08,6.3,0.66,0.0,32.98,10.46,5,1,20.59,169.49,87.45,26,2.04,MEDIUM
DP-2954,53.4,87.8,4.7,2.49,68.63,56.95,1,0,9.4,150.65,81.38,59,6.57,LOW
DP-2955,60.21,67.2,4.31,14.22,39.8,73.38,5,1,0.0,183.78,79.69,17,4.2,MEDIUM
DP-2956,37.75,20.83,4.95,2.92,29.36,29.32,7,1,1.14,261.01,80.66,9,1.45,HIGH
DP-2957,53.83,31.16,10.67,4.85,63.79,53.04,2,0,7.87,139.02,80.16,16,3.58,MEDIUM
DP-2958,73.33,73.47,0.38,7.69,82.43,84.02,4,1,14.27,117.82,79.43,98,6.35,LOW
DP-2959,77.13,81.56,0.0,7.2,61.7,50.89,1,0,0.0,128.63,83.39,26,5.49,LOW
DP-2960,54.91,46.76,2.77,10.47,54.64,56.59,3,0,2.27,80.0,78.6,19,4.46,LOW
DP-2961,72.31,71.16,2.86,4.62,86.12,69.37,2,0,8.69,237.69,77.05,42,4.5,LOW
DP-2962,42.86,42.47,11.33,5.82,61.75,23.18,4,0,18.93,251.97,89.33,8,3.66,MEDIUM
DP-2963,45.13,32.66,0.0,8.79,61.48,36.86,4,2,13.42,245.65,96.99,42,3.56,MEDIUM
DP-2964,53.75,37.53,2.95,9.2,51.47,53.27,7,0,8.88,193.95,89.4,29,4.14,MEDIUM
DP-2965,42.9,33.98,7.71,7.19,28.6,56.18,5,0,14.76,215.26,82.62,36,3.46,MEDIUM
DP-2966,58.58,38.69,2.43,0.0,61.04,70.02,10,1,12.03,278.93,86.23,29,3.79,MEDIUM
DP-2967,59.73,52.02,2.31,7.44,32.8,41.97,4,1,12.98,124.37,75.89,25,4.49,MEDIUM
DP-2968,66.84,67.86,0.0,5.29,75.25,64.44,4,0,6.72,297.18,87.98,56,5.53,MEDIUM
DP-2969,65.82,54.98,5.56,0.0,50.23,63.94,1,0,16.18,166.92,68.69,28,4.45,MEDIUM
DP-2970,81.06,72.06,4.02,5.48,90.96,100.0,4,0,0.0,128.79,95.59,27,4.35,LOW
DP-2971,21.86,6.6,12.31,3.97,26.71,12.65,3,1,15.8,231.16,80.78,33,1.26,HIGH
DP-2972,50.31,65.99,7.79,4.31,72.46,33.24,8,0,7.31,223.18,85.03,28,2.89,MEDIUM
DP-2973,58.23,62.85,0.0,0.0,62.8,55.02,2,0,6.87,93.32,80.7,59,4.5,MEDIUM
DP-2974,59.9,52.17,0.23,11.75,48.42,81.94,5,1,9.34,188.46,79.97,32,4.4,MEDIUM
DP-2975,76.66,70.55,0.54,4.81,67.79,74.54,4,0,15.78,80.0,94.03,28,6.06,LOW
DP-2976,66.86,71.61,6.93,1.66,63.0,50.66,3,0,14.09,156.48,72.62,26,4.86,LOW
DP-2977,63.23,60.04,4.21,10.19,52.69,68.2,4,1,9.69,256.73,87.33,33,4.83,MEDIUM
DP-2978,85.3,76.59,0.57,1.92,99.1,82.35,3,0,5.73,346.27,100.0,39,5.0,LOW
DP-2979,58.97,49.83,14.17,12.82,72.14,49.64,6,1,13.33,297.25,70.78,48,3.71,HIGH
DP-2980,58.45,47.43,7.23,0.0,59.21,45.52,2,0,4.02,226.01,89.54,16,4.01,MEDIUM
DP-2981,45.55,31.16,0.0,3.9,38.78,38.44,6,0,8.07,193.77,89.61,22,4.52,MEDIUM
DP-2982,75.86,72.93,5.68,0.16,92.45,98.65,5,0,2.53,171.96,88.14,24,5.17,LOW
DP-2983,55.21,56.33,1.41,7.44,45.86,59.03,4,0,5.54,221.31,80.16,30,5.1,LOW
DP-2984,69.22,79.66,0.62,6.96,63.65,78.83,3,0,3.04,266.85,84.51,33,5.45,LOW
DP-2985,48.36,43.6,11.53,6.38,68.7,34.66,5,1,16.65,222.89,79.76,13,3.21,HIGH
DP-2986,27.17,10.72,0.0,3.7,28.81,11.01,12,2,1.93,80.0,78.88,16,0.86,HIGH
DP-2987,77.48,68.5,8.98,2.63,75.49,86.39,4,0,0.0,80.0,85.38,34,4.89,LOW
DP-2988,69.65,75.38,0.0,2.1,58.95,89.84,4,0,16.4,210.13,93.17,20,6.71,LOW
DP-2989,46.91,37.61,8.76,10.23,26.42,40.85,6,0,5.55,249.17,88.06,36,2.37,MEDIUM
DP-2990,74.01,79.55,7.06,12.62,69.24,68.95,2,0,11.66,200.25,90.62,22,4.16,LOW
DP-2991,65.49,43.44,9.53,0.0,69.69,63.89,4,1,12.67,133.91,78.72,41,3.23,MEDIUM
DP-2992,47.92,65.95,4.85,0.0,39.86,51.89,2,0,14.86,310.04,90.23,40,5.48,LOW
DP-2993,86.21,80.32,3.54,3.74,93.07,100.0,3,0,2.76,184.29,82.8,28,5.81,LOW
DP-2994,49.27,43.7,1.74,11.66,30.81,78.49,5,1,13.14,192.91,85.59,12,4.51,MEDIUM
DP-2995,32.52,22.42,6.76,7.16,48.79,7.49,3,0,7.59,132.27,85.67,24,2.69,MEDIUM
DP-2996,67.17,64.73,4.7,9.11,74.46,52.3,4,1,13.44,140.39,74.24,38,4.79,LOW
DP-2997,52.2,53.57,8.41,0.76,31.57,49.99,3,0,9.64,194.52,73.58,29,4.76,LOW
DP-2998,37.74,34.66,0.0,12.62,51.84,37.09,7,2,4.36,218.15,75.8,50,3.36,HIGH
DP-2999,50.19,48.6,9.37,15.48,37.07,40.54,4,0,10.11,213.32,83.37,3,4.08,MEDIUM
DP-3000,19.88,9.18,8.06,1.04,12.24,31.21,3,0,18.74,293.12,83.84,34,1.02,HIGH
